login_id,customer_id,device_type,login_date,login_hour,status,session_duration_min
LOG00001,CUST0154,web,2024-04-19,13,success,4
LOG00002,CUST0772,tablet,2024-04-02,1,locked,0
LOG00003,CUST0604,ios,2024-04-23,6,success,36
LOG00004,CUST0596,android,2024-08-17,15,success,43
LOG00005,CUST0643,web,2024-07-08,19,success,7
LOG00006,CUST0516,tablet,2024-09-25,3,success,10
LOG00007,CUST0393,tablet,2024-08-08,10,success,8
LOG00008,CUST0951,android,2024-06-28,21,success,41
LOG00009,CUST0640,tablet,2024-04-10,9,success,27
LOG00010,CUST0536,web,2024-01-02,19,success,40
LOG00011,CUST0693,web,2024-08-25,21,success,38
LOG00012,CUST0168,ios,2024-11-13,20,success,27
LOG00013,CUST0886,ios,2024-12-23,19,failed,0
LOG00014,CUST0558,tablet,2024-10-05,18,success,25
LOG00015,CUST0238,tablet,2024-12-24,15,success,28
LOG00016,CUST0237,tablet,2024-07-08,11,success,16
LOG00017,CUST0413,android,2024-01-26,14,success,1
LOG00018,CUST0263,android,2024-11-18,8,success,13
LOG00019,CUST0977,ios,2024-09-19,1,success,30
LOG00020,CUST0325,ios,2024-09-21,4,success,42
LOG00021,CUST0481,android,2024-08-16,20,success,43
LOG00022,CUST0515,tablet,2024-02-17,5,success,5
LOG00023,CUST0425,tablet,2024-05-02,5,success,1
LOG00024,CUST0135,android,2024-03-06,5,success,19
LOG00025,CUST0862,tablet,2024-07-03,22,success,6
LOG00026,CUST0485,web,2024-09-14,12,success,12
LOG00027,CUST0870,tablet,2024-06-16,1,success,14
LOG00028,CUST0558,ios,2024-04-25,18,success,44
LOG00029,CUST0748,web,2024-01-20,18,success,12
LOG00030,CUST0793,tablet,2024-10-03,14,success,17
LOG00031,CUST0590,web,2024-08-15,9,success,14
LOG00032,CUST0859,web,2024-10-18,8,failed,0
LOG00033,CUST0696,tablet,2024-01-24,10,success,10
LOG00034,CUST0050,ios,2024-07-09,12,success,10
LOG00035,CUST0602,tablet,2024-08-23,19,success,31
LOG00036,CUST0114,android,2024-12-14,13,success,32
LOG00037,CUST0238,android,2024-12-02,0,success,29
LOG00038,CUST0583,tablet,2024-08-13,12,failed,0
LOG00039,CUST0048,android,2024-03-06,0,success,16
LOG00040,CUST0706,tablet,2024-05-25,4,success,11
LOG00041,CUST0140,ios,2024-06-11,5,success,39
LOG00042,CUST0319,android,2024-03-09,10,success,26
LOG00043,CUST0191,android,2024-03-24,0,success,17
LOG00044,CUST0833,android,2024-10-09,3,success,13
LOG00045,CUST0583,tablet,2024-06-09,11,success,45
LOG00046,CUST0321,android,2024-08-25,12,success,40
LOG00047,CUST0574,ios,2024-07-10,19,failed,0
LOG00048,CUST0027,ios,2024-07-05,16,success,31
LOG00049,CUST0380,tablet,2024-03-02,23,success,13
LOG00050,CUST0729,android,2024-05-23,6,success,26
LOG00051,CUST0104,web,2024-04-26,5,success,24
LOG00052,CUST0964,web,2024-08-02,19,success,2
LOG00053,CUST0425,android,2024-09-19,4,success,31
LOG00054,CUST0074,android,2024-05-10,18,success,7
LOG00055,CUST0673,android,2024-04-22,13,success,35
LOG00056,CUST0980,android,2024-07-23,17,success,30
LOG00057,CUST0528,web,2024-09-01,6,success,10
LOG00058,CUST0660,tablet,2024-08-20,1,success,43
LOG00059,CUST0555,tablet,2024-06-03,23,success,45
LOG00060,CUST0853,web,2024-04-24,8,failed,0
LOG00061,CUST0858,tablet,2024-11-02,7,success,30
LOG00062,CUST0750,tablet,2024-04-08,16,success,2
LOG00063,CUST0259,android,2024-05-22,6,success,45
LOG00064,CUST0428,web,2024-11-10,3,success,17
LOG00065,CUST0785,ios,2024-04-27,4,failed,0
LOG00066,CUST0035,tablet,2024-06-18,12,success,45
LOG00067,CUST0195,ios,2024-05-18,15,success,40
LOG00068,CUST0235,web,2024-03-03,2,success,29
LOG00069,CUST0661,web,2024-07-15,10,success,32
LOG00070,CUST0225,ios,2024-12-11,2,success,17
LOG00071,CUST0112,web,2024-07-03,14,success,6
LOG00072,CUST0182,web,2024-04-05,3,success,30
LOG00073,CUST0587,ios,2024-05-16,22,success,8
LOG00074,CUST0474,web,2024-01-08,10,success,14
LOG00075,CUST0725,android,2024-01-25,10,success,34
LOG00076,CUST0278,android,2024-08-05,15,success,4
LOG00077,CUST0401,tablet,2024-06-09,3,success,12
LOG00078,CUST0394,ios,2024-12-23,0,success,43
LOG00079,CUST0958,android,2024-06-02,17,failed,0
LOG00080,CUST0772,ios,2024-03-20,16,success,38
LOG00081,CUST0156,ios,2024-02-25,7,success,30
LOG00082,CUST0032,web,2024-11-11,22,success,42
LOG00083,CUST0527,tablet,2024-01-16,5,success,13
LOG00084,CUST0036,tablet,2024-03-17,14,success,18
LOG00085,CUST0344,android,2024-03-19,11,success,40
LOG00086,CUST0453,ios,2024-09-24,10,success,25
LOG00087,CUST0512,ios,2024-02-13,1,success,10
LOG00088,CUST0485,tablet,2024-04-24,22,success,29
LOG00089,CUST0835,tablet,2024-06-24,12,failed,0
LOG00090,CUST0764,android,2024-03-17,1,locked,0
LOG00091,CUST0957,tablet,2024-10-27,11,success,11
LOG00092,CUST0905,android,2024-02-02,22,success,22
LOG00093,CUST0218,android,2024-07-28,3,success,26
LOG00094,CUST0484,web,2024-10-15,3,success,5
LOG00095,CUST0117,ios,2024-10-05,20,success,34
LOG00096,CUST0069,android,2024-05-06,6,success,43
LOG00097,CUST0333,ios,2024-05-15,19,success,45
LOG00098,CUST0855,web,2024-05-12,1,success,21
LOG00099,CUST0331,web,2024-09-17,10,success,41
LOG00100,CUST0793,android,2024-07-19,1,success,38
LOG00101,CUST0804,tablet,2024-09-17,17,failed,0
LOG00102,CUST0593,web,2024-10-21,17,success,20
LOG00103,CUST0786,web,2024-01-13,1,success,25
LOG00104,CUST0594,android,2024-10-21,11,success,4
LOG00105,CUST0354,ios,2024-02-19,16,success,2
LOG00106,CUST0192,android,2024-08-15,15,success,35
LOG00107,CUST0979,android,2024-06-08,0,success,38
LOG00108,CUST0226,ios,2024-04-13,14,success,23
LOG00109,CUST0145,tablet,2024-10-05,11,success,20
LOG00110,CUST0104,ios,2024-12-15,18,success,15
LOG00111,CUST0147,web,2024-04-08,4,success,34
LOG00112,CUST0776,web,2024-11-25,22,success,6
LOG00113,CUST0433,ios,2024-08-09,5,success,9
LOG00114,CUST0688,android,2024-02-24,10,success,18
LOG00115,CUST0318,web,2024-01-05,21,success,27
LOG00116,CUST0715,android,2024-01-22,22,success,35
LOG00117,CUST0096,android,2024-08-04,7,success,32
LOG00118,CUST0695,tablet,2024-04-01,19,success,22
LOG00119,CUST0963,android,2024-12-10,20,failed,0
LOG00120,CUST0404,android,2024-08-07,15,success,20
LOG00121,CUST0041,ios,2024-11-06,21,success,1
LOG00122,CUST0291,web,2024-01-04,5,success,36
LOG00123,CUST0351,tablet,2024-12-21,6,success,20
LOG00124,CUST0205,tablet,2024-02-09,10,success,3
LOG00125,CUST0087,ios,2024-10-01,8,success,11
LOG00126,CUST0542,tablet,2024-09-28,13,success,29
LOG00127,CUST0354,tablet,2024-05-13,19,failed,0
LOG00128,CUST0836,ios,2024-07-08,6,success,10
LOG00129,CUST0036,web,2024-09-24,3,success,23
LOG00130,CUST0196,android,2024-10-19,21,success,45
LOG00131,CUST0538,tablet,2024-01-03,9,success,33
LOG00132,CUST0481,android,2024-11-23,5,success,15
LOG00133,CUST0912,ios,2024-05-26,12,success,15
LOG00134,CUST0092,web,2024-12-26,12,success,22
LOG00135,CUST0791,android,2024-09-26,16,success,16
LOG00136,CUST0145,web,2024-11-07,19,success,37
LOG00137,CUST0443,web,2024-12-22,14,success,32
LOG00138,CUST0219,ios,2024-04-16,5,success,38
LOG00139,CUST0731,ios,2024-10-06,20,success,15
LOG00140,CUST0142,web,2024-01-13,2,success,44
LOG00141,CUST0630,web,2024-07-01,11,success,10
LOG00142,CUST0934,tablet,2024-05-12,0,success,45
LOG00143,CUST0417,web,2024-11-17,5,success,28
LOG00144,CUST0755,android,2024-04-09,7,success,34
LOG00145,CUST0692,android,2024-03-25,10,success,4
LOG00146,CUST0190,web,2024-07-06,2,success,18
LOG00147,CUST0487,tablet,2024-01-10,23,success,20
LOG00148,CUST0151,web,2024-02-10,4,success,27
LOG00149,CUST0323,tablet,2024-03-14,2,success,4
LOG00150,CUST0263,tablet,2024-05-08,0,success,2
LOG00151,CUST0450,ios,2024-05-15,12,success,45
LOG00152,CUST0011,web,2024-12-07,2,success,40
LOG00153,CUST0721,tablet,2024-09-07,14,success,25
LOG00154,CUST0389,ios,2024-08-16,23,success,12
LOG00155,CUST0313,ios,2024-05-06,15,success,45
LOG00156,CUST0074,ios,2024-09-22,15,success,7
LOG00157,CUST0137,ios,2024-07-04,5,success,38
LOG00158,CUST0628,tablet,2024-08-20,18,success,19
LOG00159,CUST0675,android,2024-10-10,22,success,27
LOG00160,CUST0724,android,2024-03-28,14,success,6
LOG00161,CUST0741,android,2024-05-02,17,success,13
LOG00162,CUST0147,web,2024-09-13,16,failed,0
LOG00163,CUST0534,android,2024-01-13,5,success,5
LOG00164,CUST0965,tablet,2024-06-13,19,success,45
LOG00165,CUST0804,tablet,2024-06-03,5,success,17
LOG00166,CUST0114,web,2024-03-17,0,success,33
LOG00167,CUST0432,web,2024-08-25,15,success,27
LOG00168,CUST0969,tablet,2024-03-01,23,success,16
LOG00169,CUST0198,tablet,2024-03-16,0,success,16
LOG00170,CUST0690,android,2024-04-26,15,success,22
LOG00171,CUST0968,tablet,2024-12-05,6,success,15
LOG00172,CUST0375,android,2024-03-19,0,success,35
LOG00173,CUST0819,tablet,2024-04-23,17,success,39
LOG00174,CUST0951,web,2024-03-10,1,success,3
LOG00175,CUST0059,web,2024-06-26,2,success,2
LOG00176,CUST0751,tablet,2024-11-13,13,success,36
LOG00177,CUST0526,android,2024-10-11,18,success,17
LOG00178,CUST0217,android,2024-06-17,20,success,11
LOG00179,CUST0159,web,2024-08-02,5,success,27
LOG00180,CUST0556,tablet,2024-07-22,1,success,35
LOG00181,CUST0624,ios,2024-09-28,2,success,33
LOG00182,CUST0621,tablet,2024-06-14,21,success,7
LOG00183,CUST0847,tablet,2024-09-04,11,locked,0
LOG00184,CUST0692,ios,2024-07-26,2,success,5
LOG00185,CUST0324,ios,2024-09-08,7,failed,0
LOG00186,CUST0398,web,2024-05-19,6,success,45
LOG00187,CUST0289,ios,2024-01-08,9,success,28
LOG00188,CUST0966,tablet,2024-09-24,8,success,26
LOG00189,CUST0445,android,2024-02-25,10,failed,0
LOG00190,CUST0409,android,2024-07-01,19,locked,0
LOG00191,CUST0315,android,2024-06-15,16,success,28
LOG00192,CUST0428,android,2024-12-03,15,failed,0
LOG00193,CUST0162,tablet,2024-02-28,9,success,31
LOG00194,CUST0233,android,2024-08-10,17,success,10
LOG00195,CUST0468,tablet,2024-12-23,22,success,32
LOG00196,CUST0208,android,2024-02-27,18,success,28
LOG00197,CUST0640,web,2024-07-27,11,success,10
LOG00198,CUST0109,tablet,2024-05-28,11,success,21
LOG00199,CUST0570,web,2024-04-26,17,success,19
LOG00200,CUST0847,web,2024-04-23,17,success,26
LOG00201,CUST0904,web,2024-02-27,9,success,37
LOG00202,CUST0363,web,2024-12-26,23,success,30
LOG00203,CUST0202,android,2024-06-21,13,success,37
LOG00204,CUST0962,tablet,2024-11-05,16,success,28
LOG00205,CUST0086,ios,2024-11-01,4,locked,0
LOG00206,CUST0643,ios,2024-03-26,15,success,26
LOG00207,CUST0221,android,2024-07-23,20,success,19
LOG00208,CUST0798,tablet,2024-04-25,18,success,34
LOG00209,CUST0475,tablet,2024-06-19,13,success,32
LOG00210,CUST0112,android,2024-11-16,11,failed,0
LOG00211,CUST0273,android,2024-10-14,3,locked,0
LOG00212,CUST0589,tablet,2024-11-27,11,success,32
LOG00213,CUST0324,tablet,2024-04-27,9,success,4
LOG00214,CUST0423,android,2024-03-04,1,success,25
LOG00215,CUST0833,ios,2024-07-20,13,success,27
LOG00216,CUST0946,tablet,2024-03-25,14,success,33
LOG00217,CUST0714,ios,2024-04-06,5,success,14
LOG00218,CUST0999,tablet,2024-04-03,18,success,34
LOG00219,CUST0179,web,2024-04-14,18,success,5
LOG00220,CUST0773,ios,2024-01-02,13,success,45
LOG00221,CUST0630,tablet,2024-03-14,14,success,24
LOG00222,CUST0989,tablet,2024-10-03,20,success,30
LOG00223,CUST0826,android,2024-02-06,19,success,35
LOG00224,CUST0217,web,2024-11-12,9,success,25
LOG00225,CUST0283,tablet,2024-01-16,21,success,3
LOG00226,CUST0002,tablet,2024-11-23,21,success,11
LOG00227,CUST0562,web,2024-04-02,1,success,24
LOG00228,CUST0481,tablet,2024-09-28,10,success,10
LOG00229,CUST0156,ios,2024-12-02,0,success,23
LOG00230,CUST0739,tablet,2024-11-15,9,success,20
LOG00231,CUST0279,ios,2024-11-02,2,success,1
LOG00232,CUST0216,web,2024-03-01,22,success,36
LOG00233,CUST0479,ios,2024-02-16,0,success,28
LOG00234,CUST0428,tablet,2024-11-26,0,failed,0
LOG00235,CUST0823,android,2024-08-20,12,success,6
LOG00236,CUST0979,tablet,2024-08-04,4,success,17
LOG00237,CUST0399,web,2024-09-08,12,success,39
LOG00238,CUST0624,android,2024-12-24,21,success,7
LOG00239,CUST0417,tablet,2024-06-18,21,success,15
LOG00240,CUST0433,tablet,2024-12-06,5,success,10
LOG00241,CUST0983,android,2024-09-13,2,success,9
LOG00242,CUST0103,ios,2024-01-23,22,success,37
LOG00243,CUST0949,tablet,2024-04-20,18,success,36
LOG00244,CUST0199,web,2024-09-18,2,success,26
LOG00245,CUST0007,ios,2024-05-23,14,success,30
LOG00246,CUST0581,web,2024-04-10,9,success,8
LOG00247,CUST0687,tablet,2024-06-13,13,success,6
LOG00248,CUST0852,tablet,2024-03-03,7,success,16
LOG00249,CUST0598,ios,2024-10-12,0,success,44
LOG00250,CUST0975,tablet,2024-07-03,1,success,9
LOG00251,CUST0823,android,2024-07-11,16,success,36
LOG00252,CUST0471,ios,2024-07-22,15,success,45
LOG00253,CUST0340,android,2024-12-04,19,success,34
LOG00254,CUST0549,ios,2024-11-02,19,success,22
LOG00255,CUST0642,android,2024-07-22,15,success,39
LOG00256,CUST0881,android,2024-10-08,0,success,3
LOG00257,CUST0090,web,2024-10-02,11,success,15
LOG00258,CUST0114,android,2024-09-15,12,success,27
LOG00259,CUST0504,ios,2024-03-09,3,success,25
LOG00260,CUST0947,web,2024-12-01,22,success,34
LOG00261,CUST0320,android,2024-01-04,21,success,38
LOG00262,CUST0619,ios,2024-03-06,8,success,45
LOG00263,CUST0897,web,2024-05-26,8,success,26
LOG00264,CUST0443,android,2024-06-19,20,success,9
LOG00265,CUST0138,android,2024-10-16,12,success,18
LOG00266,CUST0839,tablet,2024-02-18,6,success,36
LOG00267,CUST0173,web,2024-06-23,18,success,15
LOG00268,CUST0181,android,2024-02-23,15,success,23
LOG00269,CUST0387,android,2024-06-03,16,success,34
LOG00270,CUST0654,android,2024-09-14,3,success,29
LOG00271,CUST0963,android,2024-09-16,3,success,15
LOG00272,CUST0985,web,2024-08-28,6,success,17
LOG00273,CUST0159,android,2024-12-12,14,success,15
LOG00274,CUST0442,web,2024-10-25,11,success,21
LOG00275,CUST0490,android,2024-08-24,5,success,31
LOG00276,CUST0863,ios,2024-10-01,22,success,28
LOG00277,CUST0764,android,2024-02-24,14,success,6
LOG00278,CUST0666,ios,2024-08-02,5,success,5
LOG00279,CUST0393,tablet,2024-02-13,22,success,32
LOG00280,CUST0055,ios,2024-03-24,9,success,11
LOG00281,CUST0428,ios,2024-02-01,17,success,36
LOG00282,CUST0212,ios,2024-01-25,18,success,15
LOG00283,CUST0653,android,2024-10-08,17,success,17
LOG00284,CUST0864,android,2024-06-26,7,locked,0
LOG00285,CUST0694,android,2024-12-17,19,success,4
LOG00286,CUST0494,ios,2024-02-08,18,success,37
LOG00287,CUST0554,tablet,2024-03-17,14,success,5
LOG00288,CUST0216,android,2024-05-05,7,success,43
LOG00289,CUST0409,android,2024-12-19,0,success,31
LOG00290,CUST0833,tablet,2024-10-14,9,success,30
LOG00291,CUST0898,tablet,2024-12-02,19,success,34
LOG00292,CUST0802,web,2024-03-12,7,success,38
LOG00293,CUST0633,android,2024-04-17,10,success,5
LOG00294,CUST0232,android,2024-12-15,20,success,17
LOG00295,CUST0551,web,2024-12-04,18,success,18
LOG00296,CUST0969,ios,2024-11-08,6,success,3
LOG00297,CUST0180,web,2024-12-18,20,success,24
LOG00298,CUST0812,web,2024-02-01,16,success,10
LOG00299,CUST0649,android,2024-08-04,0,success,43
LOG00300,CUST0464,web,2024-09-11,7,success,39
LOG00301,CUST0856,tablet,2024-05-22,12,success,36
LOG00302,CUST0764,tablet,2024-11-05,10,success,32
LOG00303,CUST0997,tablet,2024-06-08,16,success,36
LOG00304,CUST0122,tablet,2024-07-18,7,success,9
LOG00305,CUST0282,tablet,2024-09-03,22,success,43
LOG00306,CUST0959,android,2024-07-05,3,failed,0
LOG00307,CUST0533,tablet,2024-05-25,9,success,13
LOG00308,CUST0093,tablet,2024-09-23,2,success,45
LOG00309,CUST0354,android,2024-07-10,19,success,40
LOG00310,CUST0020,tablet,2024-01-21,8,success,22
LOG00311,CUST0119,tablet,2024-05-27,18,success,16
LOG00312,CUST0768,android,2024-07-23,13,success,40
LOG00313,CUST0015,android,2024-08-21,8,success,19
LOG00314,CUST0168,web,2024-03-09,13,success,30
LOG00315,CUST0123,ios,2024-01-13,22,success,42
LOG00316,CUST0821,web,2024-08-07,22,success,34
LOG00317,CUST0491,web,2024-04-11,17,success,36
LOG00318,CUST0209,ios,2024-12-09,6,success,39
LOG00319,CUST0951,web,2024-02-08,6,success,27
LOG00320,CUST0761,web,2024-05-07,4,success,18
LOG00321,CUST0426,ios,2024-06-12,3,success,32
LOG00322,CUST0565,ios,2024-11-16,15,success,11
LOG00323,CUST0779,android,2024-05-08,18,locked,0
LOG00324,CUST0877,android,2024-09-17,17,success,10
LOG00325,CUST0477,android,2024-12-13,23,success,21
LOG00326,CUST0427,web,2024-06-12,23,success,39
LOG00327,CUST0880,ios,2024-09-09,0,success,18
LOG00328,CUST0499,tablet,2024-10-13,9,success,45
LOG00329,CUST0273,web,2024-01-14,12,success,39
LOG00330,CUST0606,web,2024-03-11,6,success,13
LOG00331,CUST0407,ios,2024-01-28,20,failed,0
LOG00332,CUST0031,android,2024-02-21,21,success,32
LOG00333,CUST0180,android,2024-11-07,18,success,13
LOG00334,CUST0747,android,2024-03-02,22,success,23
LOG00335,CUST0990,tablet,2024-11-21,10,success,11
LOG00336,CUST0682,ios,2024-09-14,21,success,4
LOG00337,CUST0079,tablet,2024-02-19,3,success,16
LOG00338,CUST0966,tablet,2024-11-09,1,success,38
LOG00339,CUST0341,android,2024-06-24,2,success,20
LOG00340,CUST0048,web,2024-11-16,15,success,3
LOG00341,CUST0242,android,2024-09-26,16,success,30
LOG00342,CUST0852,web,2024-02-13,7,success,34
LOG00343,CUST0321,web,2024-07-28,7,success,15
LOG00344,CUST0433,tablet,2024-11-01,5,success,10
LOG00345,CUST0893,android,2024-08-21,18,success,7
LOG00346,CUST0121,ios,2024-09-19,2,success,45
LOG00347,CUST0331,android,2024-01-05,14,success,2
LOG00348,CUST0361,android,2024-05-15,20,success,43
LOG00349,CUST0053,web,2024-07-05,7,failed,0
LOG00350,CUST0223,android,2024-10-09,14,success,29
LOG00351,CUST0414,web,2024-12-09,6,success,42
LOG00352,CUST0395,web,2024-06-17,4,success,17
LOG00353,CUST0413,ios,2024-08-07,7,success,1
LOG00354,CUST0043,ios,2024-12-01,8,success,25
LOG00355,CUST0684,tablet,2024-03-08,9,locked,0
LOG00356,CUST0181,web,2024-04-24,20,success,8
LOG00357,CUST0931,ios,2024-11-17,20,success,38
LOG00358,CUST0296,android,2024-01-04,2,success,23
LOG00359,CUST0138,android,2024-08-22,23,success,35
LOG00360,CUST0507,web,2024-02-10,12,success,27
LOG00361,CUST0667,ios,2024-08-02,15,success,17
LOG00362,CUST0786,ios,2024-11-22,15,success,30
LOG00363,CUST0721,web,2024-02-09,7,success,16
LOG00364,CUST0881,web,2024-06-24,8,success,11
LOG00365,CUST0130,ios,2024-11-18,22,success,26
LOG00366,CUST0397,android,2024-01-20,15,success,37
LOG00367,CUST0002,android,2024-11-05,12,success,15
LOG00368,CUST0383,android,2024-06-04,9,success,24
LOG00369,CUST0638,web,2024-01-02,9,failed,0
LOG00370,CUST0620,tablet,2024-06-14,0,success,25
LOG00371,CUST0577,web,2024-05-22,8,success,21
LOG00372,CUST0928,tablet,2024-12-23,18,success,30
LOG00373,CUST0370,web,2024-07-25,2,success,19
LOG00374,CUST0018,android,2024-02-25,22,success,12
LOG00375,CUST0628,android,2024-05-01,20,success,2
LOG00376,CUST0495,tablet,2024-03-19,22,success,11
LOG00377,CUST0024,android,2024-03-24,3,success,12
LOG00378,CUST0044,web,2024-04-09,5,success,34
LOG00379,CUST0947,ios,2024-05-28,2,success,36
LOG00380,CUST0670,web,2024-08-15,23,success,14
LOG00381,CUST0296,android,2024-11-23,7,failed,0
LOG00382,CUST0153,ios,2024-01-23,22,success,21
LOG00383,CUST0505,android,2024-11-07,12,success,33
LOG00384,CUST0456,tablet,2024-05-19,15,success,38
LOG00385,CUST0369,ios,2024-12-28,21,success,11
LOG00386,CUST0329,web,2024-04-26,10,success,40
LOG00387,CUST0585,web,2024-02-11,8,success,19
LOG00388,CUST0255,tablet,2024-01-10,7,success,9
LOG00389,CUST0912,web,2024-04-01,17,success,36
LOG00390,CUST0775,tablet,2024-12-02,13,success,42
LOG00391,CUST0122,web,2024-05-24,4,success,45
LOG00392,CUST0052,tablet,2024-10-07,7,success,22
LOG00393,CUST0717,tablet,2024-10-22,1,success,23
LOG00394,CUST0981,android,2024-09-18,0,success,13
LOG00395,CUST0587,web,2024-09-10,10,success,1
LOG00396,CUST0643,web,2024-12-22,20,success,39
LOG00397,CUST0399,web,2024-04-16,1,success,17
LOG00398,CUST0486,tablet,2024-12-17,1,success,23
LOG00399,CUST0970,tablet,2024-09-08,10,success,7
LOG00400,CUST0844,ios,2024-05-10,0,success,24
LOG00401,CUST0372,web,2024-11-16,21,success,18
LOG00402,CUST0182,web,2024-01-08,20,success,37
LOG00403,CUST0251,tablet,2024-09-08,9,success,7
LOG00404,CUST0127,android,2024-05-12,9,success,34
LOG00405,CUST0043,web,2024-07-01,12,success,20
LOG00406,CUST0650,ios,2024-01-20,13,success,28
LOG00407,CUST0934,ios,2024-05-20,3,success,4
LOG00408,CUST0383,web,2024-08-15,6,success,37
LOG00409,CUST0041,web,2024-06-11,20,success,27
LOG00410,CUST0191,ios,2024-04-03,19,locked,0
LOG00411,CUST0803,ios,2024-02-23,4,success,3
LOG00412,CUST0569,android,2024-02-22,1,success,32
LOG00413,CUST0483,ios,2024-12-18,0,success,29
LOG00414,CUST0759,tablet,2024-09-20,16,success,37
LOG00415,CUST0708,tablet,2024-09-25,14,success,45
LOG00416,CUST0948,tablet,2024-07-14,16,success,20
LOG00417,CUST0954,ios,2024-04-03,13,success,39
LOG00418,CUST0556,ios,2024-04-18,2,success,32
LOG00419,CUST0144,web,2024-10-24,1,success,18
LOG00420,CUST0056,web,2024-05-07,19,success,25
LOG00421,CUST0987,web,2024-08-22,7,success,19
LOG00422,CUST0255,web,2024-04-28,15,success,24
LOG00423,CUST0739,android,2024-02-27,10,success,43
LOG00424,CUST0959,web,2024-09-10,18,success,2
LOG00425,CUST0037,ios,2024-03-27,7,success,1
LOG00426,CUST0115,ios,2024-07-22,17,failed,0
LOG00427,CUST0883,tablet,2024-01-28,3,success,33
LOG00428,CUST0364,web,2024-12-12,11,success,23
LOG00429,CUST0098,android,2024-12-15,21,success,6
LOG00430,CUST0309,ios,2024-07-26,13,success,20
LOG00431,CUST0233,tablet,2024-08-16,22,success,17
LOG00432,CUST0645,android,2024-02-01,16,success,41
LOG00433,CUST0909,ios,2024-11-28,12,success,40
LOG00434,CUST0106,ios,2024-06-22,18,success,34
LOG00435,CUST0607,web,2024-07-09,4,success,32
LOG00436,CUST0347,ios,2024-02-15,15,success,5
LOG00437,CUST0007,web,2024-04-15,5,locked,0
LOG00438,CUST0420,web,2024-07-08,6,success,17
LOG00439,CUST0197,web,2024-09-18,19,success,4
LOG00440,CUST0026,android,2024-01-06,8,success,5
LOG00441,CUST0823,ios,2024-08-15,12,success,25
LOG00442,CUST0985,tablet,2024-03-12,21,success,31
LOG00443,CUST0558,tablet,2024-05-10,3,success,33
LOG00444,CUST0319,web,2024-03-03,15,failed,0
LOG00445,CUST0180,tablet,2024-05-25,20,success,40
LOG00446,CUST0263,android,2024-11-24,9,locked,0
LOG00447,CUST0485,android,2024-04-14,15,success,5
LOG00448,CUST0646,tablet,2024-09-10,18,success,33
LOG00449,CUST0644,android,2024-11-05,12,success,45
LOG00450,CUST0544,ios,2024-08-20,9,success,23
LOG00451,CUST0661,web,2024-01-19,14,success,14
LOG00452,CUST0201,android,2024-10-17,15,success,33
LOG00453,CUST0166,web,2024-03-19,17,success,10
LOG00454,CUST0509,android,2024-05-20,14,success,15
LOG00455,CUST0285,web,2024-05-27,12,success,43
LOG00456,CUST0302,tablet,2024-05-16,8,success,22
LOG00457,CUST0582,android,2024-04-04,2,success,24
LOG00458,CUST0131,ios,2024-12-03,20,success,23
LOG00459,CUST0905,web,2024-09-18,2,success,28
LOG00460,CUST0817,tablet,2024-07-02,16,success,12
LOG00461,CUST0238,ios,2024-04-12,3,success,43
LOG00462,CUST0600,web,2024-12-06,5,success,17
LOG00463,CUST0590,web,2024-06-15,0,success,31
LOG00464,CUST0412,android,2024-01-27,2,locked,0
LOG00465,CUST0670,ios,2024-03-09,15,success,31
LOG00466,CUST0193,android,2024-09-04,9,success,12
LOG00467,CUST0972,ios,2024-08-12,14,failed,0
LOG00468,CUST0726,web,2024-11-09,11,success,8
LOG00469,CUST0962,tablet,2024-04-25,20,success,5
LOG00470,CUST0417,web,2024-12-09,16,success,24
LOG00471,CUST0460,android,2024-06-24,18,success,26
LOG00472,CUST0955,web,2024-06-21,21,success,29
LOG00473,CUST0149,tablet,2024-05-05,2,success,28
LOG00474,CUST0055,android,2024-08-28,2,success,31
LOG00475,CUST0934,ios,2024-03-27,21,success,45
LOG00476,CUST0819,web,2024-06-07,3,success,21
LOG00477,CUST0084,tablet,2024-05-26,9,success,7
LOG00478,CUST0561,android,2024-06-09,0,success,21
LOG00479,CUST0744,ios,2024-09-24,0,success,39
LOG00480,CUST0280,ios,2024-01-25,14,success,26
LOG00481,CUST0710,android,2024-12-20,18,success,41
LOG00482,CUST0631,tablet,2024-10-18,18,success,37
LOG00483,CUST0713,android,2024-04-04,3,success,32
LOG00484,CUST0023,tablet,2024-09-24,2,success,17
LOG00485,CUST0711,android,2024-07-28,15,success,21
LOG00486,CUST0444,tablet,2024-01-22,18,success,28
LOG00487,CUST0441,tablet,2024-09-18,10,success,28
LOG00488,CUST0564,ios,2024-01-07,17,locked,0
LOG00489,CUST0850,web,2024-03-21,16,success,40
LOG00490,CUST0307,android,2024-02-28,10,failed,0
LOG00491,CUST0296,android,2024-11-12,0,success,38
LOG00492,CUST0571,web,2024-02-04,17,success,6
LOG00493,CUST0083,tablet,2024-11-26,15,locked,0
LOG00494,CUST0548,tablet,2024-04-09,16,locked,0
LOG00495,CUST0573,web,2024-02-23,8,success,26
LOG00496,CUST0886,tablet,2024-08-12,14,success,45
LOG00497,CUST0975,tablet,2024-10-11,9,success,13
LOG00498,CUST0097,ios,2024-12-10,5,success,36
LOG00499,CUST0202,tablet,2024-10-20,11,success,15
LOG00500,CUST0833,web,2024-08-01,1,success,36
LOG00501,CUST0300,web,2024-02-21,4,success,18
LOG00502,CUST0906,android,2024-03-08,16,success,35
LOG00503,CUST0629,ios,2024-01-07,17,success,19
LOG00504,CUST0749,tablet,2024-07-27,1,success,37
LOG00505,CUST0406,ios,2024-12-14,4,success,11
LOG00506,CUST0155,web,2024-10-26,22,success,29
LOG00507,CUST0437,ios,2024-02-28,0,success,36
LOG00508,CUST0878,web,2024-04-06,22,success,29
LOG00509,CUST0822,ios,2024-01-14,12,success,18
LOG00510,CUST0902,android,2024-06-19,15,success,2
LOG00511,CUST0247,tablet,2024-06-22,7,success,17
LOG00512,CUST0384,android,2024-09-25,22,success,1
LOG00513,CUST0736,tablet,2024-09-27,4,success,34
LOG00514,CUST0126,tablet,2024-01-09,18,success,32
LOG00515,CUST0153,web,2024-03-15,23,success,6
LOG00516,CUST0932,android,2024-07-28,6,success,40
LOG00517,CUST0536,android,2024-01-09,14,success,11
LOG00518,CUST0710,ios,2024-04-19,14,success,32
LOG00519,CUST0003,tablet,2024-08-02,2,success,11
LOG00520,CUST0915,web,2024-11-06,8,success,6
LOG00521,CUST0046,ios,2024-10-19,6,success,7
LOG00522,CUST0023,ios,2024-07-16,20,success,3
LOG00523,CUST0037,ios,2024-12-11,21,success,10
LOG00524,CUST0509,android,2024-10-17,6,success,33
LOG00525,CUST0875,android,2024-09-02,7,success,13
LOG00526,CUST0031,tablet,2024-02-10,17,success,42
LOG00527,CUST0223,android,2024-06-24,9,success,36
LOG00528,CUST0136,tablet,2024-11-12,21,success,35
LOG00529,CUST0829,tablet,2024-09-12,17,success,32
LOG00530,CUST0287,web,2024-07-21,14,success,10
LOG00531,CUST0175,ios,2024-03-26,17,success,17
LOG00532,CUST0170,web,2024-01-10,13,success,30
LOG00533,CUST0096,tablet,2024-05-05,12,success,35
LOG00534,CUST0558,web,2024-01-14,13,success,10
LOG00535,CUST0277,web,2024-01-03,2,success,3
LOG00536,CUST0830,android,2024-03-26,20,success,8
LOG00537,CUST0854,android,2024-02-23,13,success,26
LOG00538,CUST0183,android,2024-01-19,12,success,11
LOG00539,CUST0419,ios,2024-02-13,17,success,12
LOG00540,CUST0749,android,2024-03-02,12,success,20
LOG00541,CUST0070,android,2024-10-05,8,success,12
LOG00542,CUST0600,web,2024-12-10,0,success,28
LOG00543,CUST0880,tablet,2024-05-05,18,success,8
LOG00544,CUST0725,tablet,2024-03-25,8,success,30
LOG00545,CUST0930,ios,2024-08-22,6,success,36
LOG00546,CUST0584,tablet,2024-01-14,1,success,25
LOG00547,CUST0146,android,2024-04-15,9,failed,0
LOG00548,CUST0750,web,2024-08-03,18,success,43
LOG00549,CUST0447,tablet,2024-04-10,22,success,41
LOG00550,CUST0076,web,2024-03-03,3,success,30
LOG00551,CUST0672,android,2024-04-14,21,success,20
LOG00552,CUST0612,ios,2024-10-01,15,success,34
LOG00553,CUST0832,ios,2024-10-10,5,success,15
LOG00554,CUST0745,web,2024-03-10,15,success,43
LOG00555,CUST0922,web,2024-11-22,18,success,9
LOG00556,CUST0323,tablet,2024-02-14,23,success,4
LOG00557,CUST0813,android,2024-05-28,16,success,37
LOG00558,CUST0369,ios,2024-05-04,8,success,18
LOG00559,CUST0806,web,2024-07-10,13,success,14
LOG00560,CUST0619,tablet,2024-02-27,16,success,6
LOG00561,CUST0143,android,2024-07-07,7,success,32
LOG00562,CUST0366,tablet,2024-10-09,19,success,26
LOG00563,CUST0472,web,2024-07-09,12,success,32
LOG00564,CUST0387,tablet,2024-08-26,8,failed,0
LOG00565,CUST0732,android,2024-04-10,22,success,26
LOG00566,CUST0939,web,2024-01-07,5,success,10
LOG00567,CUST0166,android,2024-07-23,8,success,13
LOG00568,CUST0719,ios,2024-11-10,23,locked,0
LOG00569,CUST0708,ios,2024-02-10,12,success,2
LOG00570,CUST0291,ios,2024-06-20,1,success,22
LOG00571,CUST0864,android,2024-10-18,6,success,5
LOG00572,CUST0782,web,2024-07-19,1,success,43
LOG00573,CUST0088,ios,2024-08-14,11,success,30
LOG00574,CUST0591,android,2024-01-11,14,locked,0
LOG00575,CUST0222,web,2024-02-01,17,success,23
LOG00576,CUST0037,web,2024-01-22,6,locked,0
LOG00577,CUST0279,web,2024-02-07,13,failed,0
LOG00578,CUST0039,ios,2024-12-23,19,success,12
LOG00579,CUST0992,ios,2024-12-27,1,success,36
LOG00580,CUST0341,web,2024-01-07,3,success,45
LOG00581,CUST0857,android,2024-06-11,18,success,40
LOG00582,CUST0866,web,2024-10-25,5,success,5
LOG00583,CUST0623,tablet,2024-02-14,12,success,14
LOG00584,CUST0389,android,2024-02-18,2,success,31
LOG00585,CUST0786,android,2024-04-05,17,success,16
LOG00586,CUST0155,web,2024-04-18,6,success,19
LOG00587,CUST0274,android,2024-08-19,4,success,42
LOG00588,CUST0429,web,2024-02-10,17,success,5
LOG00589,CUST0102,web,2024-07-18,15,failed,0
LOG00590,CUST0389,android,2024-02-16,7,success,12
LOG00591,CUST0126,web,2024-04-18,8,success,14
LOG00592,CUST0372,web,2024-11-19,19,success,30
LOG00593,CUST0230,android,2024-04-22,3,success,13
LOG00594,CUST0823,android,2024-12-28,5,success,17
LOG00595,CUST0726,tablet,2024-07-23,12,success,39
LOG00596,CUST0114,ios,2024-12-26,12,failed,0
LOG00597,CUST0081,web,2024-04-19,8,failed,0
LOG00598,CUST0265,android,2024-07-01,2,success,19
LOG00599,CUST0430,android,2024-12-05,0,success,36
LOG00600,CUST0282,web,2024-05-15,11,success,13
LOG00601,CUST0436,android,2024-01-16,9,success,13
LOG00602,CUST0871,ios,2024-06-08,6,failed,0
LOG00603,CUST0251,tablet,2024-10-09,2,success,23
LOG00604,CUST0114,android,2024-11-01,14,success,25
LOG00605,CUST0377,ios,2024-06-11,8,success,16
LOG00606,CUST0519,tablet,2024-09-24,12,success,13
LOG00607,CUST0914,web,2024-09-16,19,success,22
LOG00608,CUST0005,tablet,2024-04-02,22,success,4
LOG00609,CUST0493,ios,2024-10-09,21,success,21
LOG00610,CUST0396,ios,2024-07-14,12,success,7
LOG00611,CUST0935,ios,2024-10-24,12,success,45
LOG00612,CUST0532,tablet,2024-04-07,17,success,22
LOG00613,CUST0316,tablet,2024-01-04,21,success,6
LOG00614,CUST0295,ios,2024-12-12,19,success,13
LOG00615,CUST0918,ios,2024-10-09,5,success,11
LOG00616,CUST0525,ios,2024-09-17,3,success,27
LOG00617,CUST0377,tablet,2024-01-10,1,success,43
LOG00618,CUST0476,web,2024-05-15,14,success,25
LOG00619,CUST0288,android,2024-04-08,10,success,11
LOG00620,CUST0633,ios,2024-05-28,23,success,9
LOG00621,CUST0238,web,2024-01-13,17,success,14
LOG00622,CUST0776,ios,2024-10-26,7,success,40
LOG00623,CUST0399,android,2024-07-23,4,success,13
LOG00624,CUST0556,ios,2024-04-20,3,success,38
LOG00625,CUST0303,tablet,2024-12-24,16,success,31
LOG00626,CUST0286,web,2024-05-26,11,success,44
LOG00627,CUST0727,android,2024-04-22,3,success,35
LOG00628,CUST0422,tablet,2024-06-19,5,success,39
LOG00629,CUST0899,web,2024-09-04,20,success,42
LOG00630,CUST0423,web,2024-06-10,16,success,9
LOG00631,CUST0472,tablet,2024-02-19,23,success,39
LOG00632,CUST0083,android,2024-10-24,18,success,15
LOG00633,CUST0409,web,2024-05-22,14,success,38
LOG00634,CUST0099,android,2024-09-17,9,success,3
LOG00635,CUST0752,android,2024-05-15,22,success,12
LOG00636,CUST0992,ios,2024-02-22,18,success,8
LOG00637,CUST0484,ios,2024-06-17,17,success,43
LOG00638,CUST0529,web,2024-12-09,23,success,29
LOG00639,CUST0997,android,2024-11-26,16,success,17
LOG00640,CUST0370,web,2024-10-03,5,success,39
LOG00641,CUST0579,web,2024-02-06,3,success,44
LOG00642,CUST0489,web,2024-11-10,14,success,28
LOG00643,CUST0769,ios,2024-07-11,3,success,14
LOG00644,CUST0803,tablet,2024-01-10,14,success,11
LOG00645,CUST0198,tablet,2024-02-21,22,success,2
LOG00646,CUST0386,ios,2024-02-24,4,success,15
LOG00647,CUST0878,web,2024-09-04,7,failed,0
LOG00648,CUST0950,tablet,2024-10-22,10,success,44
LOG00649,CUST0982,tablet,2024-11-06,22,success,10
LOG00650,CUST0271,android,2024-06-12,16,success,12
LOG00651,CUST0239,web,2024-10-03,18,locked,0
LOG00652,CUST0640,web,2024-06-06,5,success,40
LOG00653,CUST0450,tablet,2024-01-06,11,success,36
LOG00654,CUST0291,web,2024-09-26,10,success,19
LOG00655,CUST0140,ios,2024-01-11,9,success,33
LOG00656,CUST0743,tablet,2024-03-27,18,success,39
LOG00657,CUST0517,tablet,2024-08-08,7,success,44
LOG00658,CUST0886,ios,2024-08-01,20,success,14
LOG00659,CUST0150,ios,2024-01-01,20,success,6
LOG00660,CUST0624,web,2024-06-27,15,success,13
LOG00661,CUST0136,web,2024-11-27,3,success,27
LOG00662,CUST0130,android,2024-06-23,13,success,31
LOG00663,CUST0277,tablet,2024-04-16,9,success,4
LOG00664,CUST0243,android,2024-04-14,12,success,34
LOG00665,CUST0438,android,2024-03-13,20,success,8
LOG00666,CUST0698,tablet,2024-06-17,8,success,2
LOG00667,CUST0342,ios,2024-02-18,20,success,22
LOG00668,CUST0560,web,2024-03-06,16,success,31
LOG00669,CUST0400,android,2024-08-06,14,success,27
LOG00670,CUST0060,android,2024-04-10,2,success,24
LOG00671,CUST0887,ios,2024-09-15,0,success,24
LOG00672,CUST0091,tablet,2024-02-19,18,success,45
LOG00673,CUST0580,tablet,2024-05-11,0,success,2
LOG00674,CUST0619,tablet,2024-01-14,8,failed,0
LOG00675,CUST0265,android,2024-12-16,21,locked,0
LOG00676,CUST0656,ios,2024-11-11,7,success,27
LOG00677,CUST0109,android,2024-06-28,10,success,12
LOG00678,CUST0855,web,2024-11-01,4,failed,0
LOG00679,CUST0574,ios,2024-01-04,11,success,8
LOG00680,CUST0235,android,2024-09-21,7,success,13
LOG00681,CUST0114,android,2024-07-21,19,success,44
LOG00682,CUST0860,android,2024-06-26,4,success,14
LOG00683,CUST0270,web,2024-01-27,17,success,2
LOG00684,CUST0704,tablet,2024-02-24,6,success,25
LOG00685,CUST0393,tablet,2024-01-22,17,success,25
LOG00686,CUST0781,android,2024-07-02,10,success,4
LOG00687,CUST0729,tablet,2024-05-01,11,success,35
LOG00688,CUST0235,ios,2024-09-24,8,success,45
LOG00689,CUST0764,android,2024-11-10,23,success,30
LOG00690,CUST0636,android,2024-05-07,16,locked,0
LOG00691,CUST0910,ios,2024-06-08,3,success,10
LOG00692,CUST0885,web,2024-07-04,11,success,23
LOG00693,CUST0161,ios,2024-05-21,22,success,16
LOG00694,CUST0954,web,2024-02-10,17,success,7
LOG00695,CUST0142,tablet,2024-12-18,18,success,25
LOG00696,CUST0379,ios,2024-06-21,5,success,35
LOG00697,CUST0210,tablet,2024-09-18,10,success,27
LOG00698,CUST0993,web,2024-06-25,12,success,18
LOG00699,CUST0450,android,2024-10-28,6,success,40
LOG00700,CUST0384,tablet,2024-10-22,18,success,37
LOG00701,CUST0107,ios,2024-11-08,19,success,17
LOG00702,CUST0839,web,2024-10-07,0,success,45
LOG00703,CUST0567,web,2024-06-15,16,success,39
LOG00704,CUST0667,android,2024-12-26,5,success,15
LOG00705,CUST0060,tablet,2024-08-04,9,success,22
LOG00706,CUST0943,android,2024-11-22,4,success,1
LOG00707,CUST0860,android,2024-02-17,7,success,40
LOG00708,CUST0069,android,2024-09-03,17,success,35
LOG00709,CUST0100,ios,2024-08-17,1,success,3
LOG00710,CUST0292,tablet,2024-01-17,20,success,18
LOG00711,CUST0715,web,2024-05-11,7,success,44
LOG00712,CUST0138,web,2024-07-16,4,success,45
LOG00713,CUST0066,web,2024-02-03,0,success,24
LOG00714,CUST0744,ios,2024-07-12,16,success,9
LOG00715,CUST0073,tablet,2024-06-12,2,success,28
LOG00716,CUST0177,android,2024-01-01,17,locked,0
LOG00717,CUST0556,tablet,2024-11-14,9,success,7
LOG00718,CUST0316,ios,2024-08-15,5,success,33
LOG00719,CUST0378,web,2024-07-26,18,failed,0
LOG00720,CUST0702,ios,2024-02-27,8,success,23
LOG00721,CUST0295,android,2024-12-02,23,failed,0
LOG00722,CUST0206,ios,2024-08-14,22,success,38
LOG00723,CUST0692,android,2024-04-15,15,success,6
LOG00724,CUST0100,android,2024-03-27,10,success,13
LOG00725,CUST0802,tablet,2024-11-11,18,success,22
LOG00726,CUST0962,web,2024-02-23,11,success,41
LOG00727,CUST0303,web,2024-01-22,0,success,28
LOG00728,CUST0892,tablet,2024-03-08,18,success,40
LOG00729,CUST0833,android,2024-02-17,16,success,4
LOG00730,CUST0450,tablet,2024-11-02,10,success,37
LOG00731,CUST0943,web,2024-06-18,21,success,44
LOG00732,CUST0475,android,2024-05-05,11,success,29
LOG00733,CUST0931,tablet,2024-07-19,22,locked,0
LOG00734,CUST0490,ios,2024-03-27,11,success,38
LOG00735,CUST0402,tablet,2024-01-27,15,success,12
LOG00736,CUST0561,tablet,2024-04-25,15,success,14
LOG00737,CUST0564,android,2024-06-15,3,failed,0
LOG00738,CUST0119,tablet,2024-12-27,13,success,25
LOG00739,CUST0689,tablet,2024-09-21,22,success,15
LOG00740,CUST0272,ios,2024-09-19,1,success,17
LOG00741,CUST0175,tablet,2024-09-11,23,success,19
LOG00742,CUST0404,android,2024-11-21,20,success,43
LOG00743,CUST0413,web,2024-09-20,19,success,16
LOG00744,CUST0150,android,2024-10-03,21,success,15
LOG00745,CUST0194,android,2024-05-10,4,success,39
LOG00746,CUST0334,ios,2024-05-23,17,success,27
LOG00747,CUST0258,web,2024-12-01,9,success,11
LOG00748,CUST0265,android,2024-05-22,20,success,7
LOG00749,CUST0415,ios,2024-02-14,23,success,25
LOG00750,CUST0787,web,2024-02-16,1,success,15
LOG00751,CUST0225,tablet,2024-10-01,8,failed,0
LOG00752,CUST0904,tablet,2024-05-26,4,success,3
LOG00753,CUST0436,tablet,2024-01-12,21,success,2
LOG00754,CUST0711,web,2024-07-19,0,success,36
LOG00755,CUST0683,android,2024-11-16,1,success,33
LOG00756,CUST0515,android,2024-08-26,4,success,4
LOG00757,CUST0489,web,2024-04-01,17,failed,0
LOG00758,CUST0456,tablet,2024-03-05,12,success,28
LOG00759,CUST0794,tablet,2024-08-08,8,success,34
LOG00760,CUST0714,tablet,2024-01-03,23,success,3
LOG00761,CUST0046,web,2024-09-11,8,success,19
LOG00762,CUST0707,tablet,2024-06-03,13,success,38
LOG00763,CUST0173,android,2024-03-15,2,success,21
LOG00764,CUST0146,tablet,2024-02-16,3,success,31
LOG00765,CUST0062,tablet,2024-09-08,22,success,31
LOG00766,CUST0144,android,2024-02-25,13,success,42
LOG00767,CUST0898,web,2024-05-15,2,success,9
LOG00768,CUST0682,web,2024-09-03,22,success,27
LOG00769,CUST0214,web,2024-09-03,7,success,3
LOG00770,CUST0311,ios,2024-07-05,11,success,26
LOG00771,CUST0581,android,2024-11-11,7,failed,0
LOG00772,CUST0659,ios,2024-01-11,17,success,6
LOG00773,CUST0959,tablet,2024-12-13,5,success,1
LOG00774,CUST0288,tablet,2024-07-03,0,success,3
LOG00775,CUST0446,android,2024-10-12,23,success,5
LOG00776,CUST0812,tablet,2024-02-17,19,success,10
LOG00777,CUST0588,tablet,2024-06-07,13,locked,0
LOG00778,CUST0793,android,2024-05-12,0,success,36
LOG00779,CUST0074,tablet,2024-09-12,1,failed,0
LOG00780,CUST0835,tablet,2024-05-25,22,success,42
LOG00781,CUST0077,ios,2024-06-03,9,success,43
LOG00782,CUST0676,tablet,2024-02-17,19,success,9
LOG00783,CUST0320,android,2024-06-27,22,success,10
LOG00784,CUST0083,ios,2024-04-18,14,success,3
LOG00785,CUST0700,tablet,2024-01-26,7,success,33
LOG00786,CUST0604,tablet,2024-10-26,22,success,30
LOG00787,CUST0233,tablet,2024-12-15,11,success,45
LOG00788,CUST0955,web,2024-11-04,0,success,20
LOG00789,CUST0379,ios,2024-01-16,4,failed,0
LOG00790,CUST0346,web,2024-12-01,6,success,17
LOG00791,CUST0599,web,2024-12-03,6,failed,0
LOG00792,CUST0964,android,2024-10-17,8,success,24
LOG00793,CUST0160,ios,2024-06-11,9,failed,0
LOG00794,CUST0637,web,2024-03-06,16,success,5
LOG00795,CUST0266,android,2024-04-25,12,success,10
LOG00796,CUST0360,web,2024-09-25,13,success,16
LOG00797,CUST0217,ios,2024-11-07,0,success,7
LOG00798,CUST0827,ios,2024-02-03,3,success,45
LOG00799,CUST0250,tablet,2024-03-07,22,locked,0
LOG00800,CUST0851,tablet,2024-08-23,22,success,33
LOG00801,CUST0185,android,2024-04-24,11,success,12
LOG00802,CUST0758,ios,2024-02-27,3,success,34
LOG00803,CUST0600,android,2024-10-18,6,success,4
LOG00804,CUST0520,tablet,2024-10-19,6,success,14
LOG00805,CUST0048,android,2024-04-17,20,success,41
LOG00806,CUST0661,tablet,2024-01-06,0,success,33
LOG00807,CUST0157,tablet,2024-11-22,23,success,8
LOG00808,CUST0559,android,2024-05-08,6,success,42
LOG00809,CUST0827,tablet,2024-03-18,7,success,24
LOG00810,CUST0518,android,2024-06-18,16,locked,0
LOG00811,CUST0463,tablet,2024-11-27,18,success,3
LOG00812,CUST0469,tablet,2024-09-16,18,success,18
LOG00813,CUST0291,tablet,2024-05-09,5,success,42
LOG00814,CUST0353,tablet,2024-05-17,8,success,38
LOG00815,CUST0191,tablet,2024-01-05,18,success,32
LOG00816,CUST0930,web,2024-05-05,4,success,41
LOG00817,CUST0270,android,2024-02-10,14,success,37
LOG00818,CUST0564,ios,2024-07-07,20,success,7
LOG00819,CUST0344,tablet,2024-06-25,16,success,44
LOG00820,CUST0538,android,2024-05-02,7,success,35
LOG00821,CUST0871,web,2024-06-09,10,success,30
LOG00822,CUST0581,ios,2024-11-25,5,success,13
LOG00823,CUST0224,web,2024-06-22,14,success,43
LOG00824,CUST0073,android,2024-08-12,18,success,6
LOG00825,CUST0976,web,2024-05-22,13,success,34
LOG00826,CUST0684,web,2024-10-02,16,success,23
LOG00827,CUST0482,android,2024-01-16,1,success,7
LOG00828,CUST0263,android,2024-03-06,21,success,41
LOG00829,CUST0348,tablet,2024-01-13,11,success,23
LOG00830,CUST0178,ios,2024-10-26,11,success,43
LOG00831,CUST0309,web,2024-04-14,0,success,18
LOG00832,CUST0547,web,2024-09-22,22,success,26
LOG00833,CUST0738,android,2024-09-04,15,success,29
LOG00834,CUST0766,web,2024-08-13,16,failed,0
LOG00835,CUST0443,ios,2024-07-20,22,success,41
LOG00836,CUST0038,tablet,2024-04-21,1,success,23
LOG00837,CUST0990,android,2024-08-15,8,success,17
LOG00838,CUST0221,ios,2024-05-01,18,success,30
LOG00839,CUST0055,web,2024-06-11,0,success,44
LOG00840,CUST0842,ios,2024-04-07,9,success,15
LOG00841,CUST0765,android,2024-08-24,4,failed,0
LOG00842,CUST0499,web,2024-10-14,22,success,33
LOG00843,CUST0519,web,2024-04-24,8,success,10
LOG00844,CUST0401,android,2024-11-02,3,success,34
LOG00845,CUST0865,web,2024-03-13,6,success,14
LOG00846,CUST0942,android,2024-01-15,22,failed,0
LOG00847,CUST0533,web,2024-08-16,16,success,19
LOG00848,CUST0429,ios,2024-01-12,9,success,45
LOG00849,CUST0090,android,2024-09-14,12,success,12
LOG00850,CUST0482,ios,2024-07-08,23,success,6
LOG00851,CUST0800,android,2024-05-19,14,success,29
LOG00852,CUST0741,web,2024-02-18,2,success,45
LOG00853,CUST0887,ios,2024-08-03,20,success,7
LOG00854,CUST0794,ios,2024-02-19,8,success,35
LOG00855,CUST0574,ios,2024-08-14,22,success,14
LOG00856,CUST0815,web,2024-07-08,11,success,7
LOG00857,CUST0545,tablet,2024-11-18,6,success,18
LOG00858,CUST0484,ios,2024-08-10,10,success,20
LOG00859,CUST0855,tablet,2024-03-15,8,failed,0
LOG00860,CUST0762,tablet,2024-10-07,3,success,42
LOG00861,CUST0839,android,2024-08-03,4,success,28
LOG00862,CUST0454,android,2024-11-05,23,success,23
LOG00863,CUST0277,ios,2024-04-15,7,success,38
LOG00864,CUST0463,tablet,2024-11-23,0,success,7
LOG00865,CUST0257,web,2024-09-18,13,success,26
LOG00866,CUST0277,ios,2024-03-08,11,success,3
LOG00867,CUST0409,ios,2024-03-17,14,success,22
LOG00868,CUST0966,web,2024-12-17,9,success,1
LOG00869,CUST0290,ios,2024-02-26,0,failed,0
LOG00870,CUST0802,tablet,2024-10-23,16,success,30
LOG00871,CUST0418,android,2024-02-22,18,success,27
LOG00872,CUST0936,tablet,2024-11-15,18,success,38
LOG00873,CUST0580,ios,2024-08-18,21,failed,0
LOG00874,CUST0398,android,2024-12-28,15,success,39
LOG00875,CUST0043,tablet,2024-12-22,17,failed,0
LOG00876,CUST0645,ios,2024-01-16,21,success,37
LOG00877,CUST0524,ios,2024-12-08,16,success,1
LOG00878,CUST0111,ios,2024-07-05,8,success,13
LOG00879,CUST0084,web,2024-11-05,22,failed,0
LOG00880,CUST0388,web,2024-07-16,9,success,21
LOG00881,CUST0422,ios,2024-12-24,5,success,42
LOG00882,CUST0938,web,2024-01-12,9,success,30
LOG00883,CUST0755,web,2024-09-28,17,success,1
LOG00884,CUST0771,web,2024-10-11,8,success,12
LOG00885,CUST0008,android,2024-03-18,18,success,15
LOG00886,CUST0312,ios,2024-11-15,3,failed,0
LOG00887,CUST0886,ios,2024-12-10,6,success,43
LOG00888,CUST0527,android,2024-02-08,23,success,12
LOG00889,CUST0676,web,2024-10-06,17,success,19
LOG00890,CUST0847,android,2024-12-26,18,success,27
LOG00891,CUST0325,tablet,2024-04-17,21,success,15
LOG00892,CUST0643,tablet,2024-06-27,3,success,10
LOG00893,CUST0013,tablet,2024-03-03,10,success,44
LOG00894,CUST0557,android,2024-06-13,0,success,12
LOG00895,CUST0154,web,2024-08-21,1,success,42
LOG00896,CUST0944,android,2024-04-26,23,success,30
LOG00897,CUST0548,android,2024-01-13,17,success,40
LOG00898,CUST0704,tablet,2024-05-05,18,success,36
LOG00899,CUST0978,web,2024-06-12,1,success,38
LOG00900,CUST0194,ios,2024-01-02,22,success,34
LOG00901,CUST0137,ios,2024-05-09,21,success,38
LOG00902,CUST0125,ios,2024-01-21,12,success,1
LOG00903,CUST0525,web,2024-06-22,15,success,8
LOG00904,CUST0593,ios,2024-07-09,0,success,25
LOG00905,CUST0281,android,2024-06-27,3,failed,0
LOG00906,CUST0127,ios,2024-03-06,9,success,43
LOG00907,CUST0730,ios,2024-12-24,18,success,5
LOG00908,CUST0027,ios,2024-04-06,6,success,11
LOG00909,CUST0739,android,2024-04-19,18,success,9
LOG00910,CUST0949,web,2024-09-04,9,locked,0
LOG00911,CUST0507,ios,2024-06-02,5,success,18
LOG00912,CUST0801,android,2024-07-28,2,success,6
LOG00913,CUST0615,web,2024-04-22,4,failed,0
LOG00914,CUST0001,web,2024-10-16,16,success,43
LOG00915,CUST0810,ios,2024-11-18,2,success,42
LOG00916,CUST0886,ios,2024-11-11,3,success,40
LOG00917,CUST0664,web,2024-12-23,3,success,37
LOG00918,CUST0480,android,2024-08-14,7,success,7
LOG00919,CUST0609,android,2024-02-12,8,success,14
LOG00920,CUST0750,android,2024-07-23,14,locked,0
LOG00921,CUST0081,web,2024-02-01,9,success,36
LOG00922,CUST0535,ios,2024-01-14,8,success,25
LOG00923,CUST0976,ios,2024-11-21,0,success,40
LOG00924,CUST0561,ios,2024-11-06,22,success,28
LOG00925,CUST0786,web,2024-03-21,22,success,14
LOG00926,CUST0625,tablet,2024-03-12,20,success,9
LOG00927,CUST0053,web,2024-07-12,13,success,30
LOG00928,CUST0634,android,2024-07-15,2,success,10
LOG00929,CUST0476,web,2024-05-23,0,success,2
LOG00930,CUST0357,tablet,2024-03-11,6,success,11
LOG00931,CUST0317,tablet,2024-01-15,21,success,26
LOG00932,CUST0570,tablet,2024-09-17,15,failed,0
LOG00933,CUST0861,tablet,2024-02-19,5,failed,0
LOG00934,CUST0846,android,2024-12-22,4,success,10
LOG00935,CUST0557,web,2024-05-02,8,success,26
LOG00936,CUST0769,android,2024-07-28,12,success,34
LOG00937,CUST0673,web,2024-06-22,1,success,28
LOG00938,CUST0767,ios,2024-03-11,17,success,8
LOG00939,CUST0638,android,2024-07-01,9,success,42
LOG00940,CUST0767,ios,2024-12-15,17,success,31
LOG00941,CUST1000,android,2024-06-22,23,success,40
LOG00942,CUST0795,tablet,2024-11-04,15,success,8
LOG00943,CUST0175,tablet,2024-10-17,3,success,16
LOG00944,CUST0229,web,2024-06-08,6,success,14
LOG00945,CUST0022,ios,2024-07-20,14,success,42
LOG00946,CUST0202,ios,2024-02-02,22,success,4
LOG00947,CUST0516,web,2024-12-05,1,success,26
LOG00948,CUST0265,web,2024-10-17,0,locked,0
LOG00949,CUST0265,web,2024-01-11,17,success,28
LOG00950,CUST0366,web,2024-02-19,15,success,45
LOG00951,CUST0250,web,2024-01-09,9,success,43
LOG00952,CUST0652,web,2024-12-23,18,success,9
LOG00953,CUST0774,android,2024-10-12,8,success,18
LOG00954,CUST0964,android,2024-03-25,16,success,7
LOG00955,CUST0826,tablet,2024-12-19,9,success,38
LOG00956,CUST0301,web,2024-03-06,16,success,40
LOG00957,CUST0651,web,2024-11-17,14,locked,0
LOG00958,CUST0304,ios,2024-08-20,13,success,1
LOG00959,CUST0873,web,2024-10-28,10,success,22
LOG00960,CUST0024,web,2024-08-18,20,success,19
LOG00961,CUST0069,tablet,2024-04-18,17,success,33
LOG00962,CUST0687,android,2024-01-24,10,success,37
LOG00963,CUST0778,ios,2024-06-04,5,success,33
LOG00964,CUST0606,web,2024-07-06,7,locked,0
LOG00965,CUST0985,android,2024-07-13,11,success,24
LOG00966,CUST0400,ios,2024-11-14,7,success,44
LOG00967,CUST0303,ios,2024-04-11,18,success,3
LOG00968,CUST0081,web,2024-07-27,9,success,43
LOG00969,CUST0918,web,2024-06-23,12,success,6
LOG00970,CUST0271,tablet,2024-12-15,6,success,10
LOG00971,CUST0707,ios,2024-12-22,19,success,10
LOG00972,CUST0378,tablet,2024-08-09,22,success,26
LOG00973,CUST0126,tablet,2024-06-14,21,success,21
LOG00974,CUST0924,tablet,2024-07-10,0,success,16
LOG00975,CUST0393,web,2024-06-17,12,success,8
LOG00976,CUST0087,android,2024-07-19,13,success,25
LOG00977,CUST0614,ios,2024-10-06,8,success,42
LOG00978,CUST0417,ios,2024-04-10,9,success,39
LOG00979,CUST0940,ios,2024-09-11,2,success,12
LOG00980,CUST0731,ios,2024-08-20,9,success,41
LOG00981,CUST0297,android,2024-08-24,6,success,16
LOG00982,CUST0425,android,2024-02-02,15,failed,0
LOG00983,CUST0966,tablet,2024-08-13,21,success,14
LOG00984,CUST0290,web,2024-01-07,10,failed,0
LOG00985,CUST0860,android,2024-07-22,23,success,43
LOG00986,CUST0372,web,2024-10-24,17,success,41
LOG00987,CUST0057,tablet,2024-02-17,9,success,36
LOG00988,CUST0808,tablet,2024-07-01,16,success,24
LOG00989,CUST0877,tablet,2024-07-10,13,success,2
LOG00990,CUST0209,tablet,2024-04-22,5,success,9
LOG00991,CUST0551,tablet,2024-07-06,4,success,40
LOG00992,CUST0992,ios,2024-02-15,7,success,22
LOG00993,CUST0446,tablet,2024-08-08,19,success,44
LOG00994,CUST0795,android,2024-08-06,15,success,11
LOG00995,CUST0950,ios,2024-07-12,22,success,5
LOG00996,CUST0966,web,2024-08-23,13,success,45
LOG00997,CUST0821,tablet,2024-11-04,13,success,11
LOG00998,CUST0162,tablet,2024-02-23,21,success,9
LOG00999,CUST0838,ios,2024-05-28,18,success,22
LOG01000,CUST0745,tablet,2024-03-09,22,success,6
LOG01001,CUST0467,tablet,2024-05-18,22,success,28
LOG01002,CUST0099,web,2024-09-21,2,success,39
LOG01003,CUST0927,web,2024-11-16,16,success,36
LOG01004,CUST0251,ios,2024-09-21,0,success,1
LOG01005,CUST0227,ios,2024-12-04,11,success,27
LOG01006,CUST0993,tablet,2024-01-11,6,success,42
LOG01007,CUST0855,android,2024-09-25,10,success,35
LOG01008,CUST0205,tablet,2024-01-13,18,success,12
LOG01009,CUST0315,web,2024-07-24,18,success,3
LOG01010,CUST0863,ios,2024-01-18,18,success,23
LOG01011,CUST0541,tablet,2024-04-18,22,success,2
LOG01012,CUST0956,web,2024-01-26,9,success,7
LOG01013,CUST0955,tablet,2024-02-13,12,success,44
LOG01014,CUST0101,ios,2024-01-13,6,success,34
LOG01015,CUST0358,ios,2024-10-14,2,success,1
LOG01016,CUST0298,android,2024-09-18,0,success,42
LOG01017,CUST0490,web,2024-11-19,16,success,32
LOG01018,CUST0369,web,2024-12-28,1,success,38
LOG01019,CUST0250,tablet,2024-02-27,6,success,39
LOG01020,CUST0777,ios,2024-08-19,22,success,43
LOG01021,CUST0289,web,2024-11-09,10,success,35
LOG01022,CUST0928,android,2024-06-28,23,success,13
LOG01023,CUST0668,android,2024-02-19,23,success,9
LOG01024,CUST0406,android,2024-05-23,11,success,29
LOG01025,CUST0656,ios,2024-05-12,23,success,28
LOG01026,CUST0234,tablet,2024-04-02,11,success,34
LOG01027,CUST0939,android,2024-07-07,14,success,28
LOG01028,CUST0235,android,2024-08-08,6,success,13
LOG01029,CUST0894,web,2024-07-18,20,success,37
LOG01030,CUST0783,web,2024-08-02,23,success,4
LOG01031,CUST0813,android,2024-06-22,1,success,16
LOG01032,CUST0277,ios,2024-02-28,13,success,12
LOG01033,CUST0206,web,2024-07-06,3,success,17
LOG01034,CUST0835,ios,2024-04-12,14,success,12
LOG01035,CUST0017,web,2024-08-10,19,success,5
LOG01036,CUST0225,tablet,2024-01-13,16,success,40
LOG01037,CUST0462,ios,2024-11-22,16,success,10
LOG01038,CUST0259,web,2024-07-10,22,success,15
LOG01039,CUST0913,android,2024-11-27,1,success,41
LOG01040,CUST0599,android,2024-08-01,0,success,44
LOG01041,CUST0592,tablet,2024-01-18,18,success,20
LOG01042,CUST0271,ios,2024-11-11,18,success,18
LOG01043,CUST0373,tablet,2024-02-14,22,success,24
LOG01044,CUST0900,tablet,2024-04-08,12,success,44
LOG01045,CUST0981,android,2024-01-25,22,success,16
LOG01046,CUST0702,ios,2024-04-03,5,success,15
LOG01047,CUST0912,tablet,2024-08-06,13,success,29
LOG01048,CUST0235,android,2024-09-03,13,success,3
LOG01049,CUST0203,web,2024-01-07,23,success,9
LOG01050,CUST0045,tablet,2024-03-17,23,success,34
LOG01051,CUST0764,android,2024-05-05,9,success,36
LOG01052,CUST0339,android,2024-11-03,21,success,36
LOG01053,CUST0753,ios,2024-10-06,2,success,20
LOG01054,CUST0809,ios,2024-11-13,15,success,34
LOG01055,CUST0463,ios,2024-04-26,23,success,17
LOG01056,CUST0396,tablet,2024-08-14,23,success,9
LOG01057,CUST0631,ios,2024-01-01,23,success,31
LOG01058,CUST0015,ios,2024-09-15,15,success,28
LOG01059,CUST0870,web,2024-04-17,21,success,34
LOG01060,CUST0531,ios,2024-06-22,14,success,18
LOG01061,CUST0922,web,2024-06-09,5,success,24
LOG01062,CUST0649,tablet,2024-11-09,5,success,38
LOG01063,CUST0273,ios,2024-09-02,11,success,44
LOG01064,CUST0805,tablet,2024-10-21,23,success,33
LOG01065,CUST0605,ios,2024-01-04,16,success,28
LOG01066,CUST0843,android,2024-09-01,22,success,15
LOG01067,CUST0588,ios,2024-11-23,23,success,24
LOG01068,CUST0785,tablet,2024-08-25,13,success,2
LOG01069,CUST0883,web,2024-03-16,1,success,16
LOG01070,CUST0617,tablet,2024-06-10,23,success,34
LOG01071,CUST0899,web,2024-11-07,21,success,33
LOG01072,CUST0661,android,2024-12-12,6,success,27
LOG01073,CUST0237,web,2024-08-26,20,success,45
LOG01074,CUST0397,tablet,2024-09-02,8,success,29
LOG01075,CUST0668,android,2024-06-21,21,success,20
LOG01076,CUST0257,web,2024-03-19,5,success,12
LOG01077,CUST0968,web,2024-10-04,9,success,36
LOG01078,CUST0459,web,2024-06-19,5,success,33
LOG01079,CUST0587,ios,2024-02-25,22,success,34
LOG01080,CUST0911,tablet,2024-07-25,16,success,39
LOG01081,CUST0747,web,2024-07-03,17,failed,0
LOG01082,CUST0866,android,2024-07-11,23,success,17
LOG01083,CUST0107,tablet,2024-09-22,14,success,43
LOG01084,CUST0734,android,2024-01-11,12,success,9
LOG01085,CUST0422,ios,2024-05-14,6,failed,0
LOG01086,CUST0033,ios,2024-06-25,23,success,32
LOG01087,CUST0556,tablet,2024-06-28,7,success,36
LOG01088,CUST0393,tablet,2024-07-15,6,success,2
LOG01089,CUST0225,ios,2024-02-04,20,success,11
LOG01090,CUST0284,web,2024-09-14,2,success,18
LOG01091,CUST0495,web,2024-05-23,22,success,44
LOG01092,CUST0357,android,2024-10-20,13,success,45
LOG01093,CUST0163,tablet,2024-12-14,4,success,35
LOG01094,CUST0603,android,2024-09-05,7,success,2
LOG01095,CUST0383,tablet,2024-01-06,6,success,39
LOG01096,CUST0522,android,2024-05-15,22,locked,0
LOG01097,CUST0156,tablet,2024-03-05,8,success,32
LOG01098,CUST0946,web,2024-09-24,22,success,7
LOG01099,CUST0437,ios,2024-06-19,12,success,40
LOG01100,CUST0860,tablet,2024-02-17,11,success,18
LOG01101,CUST0686,tablet,2024-08-15,3,success,8
LOG01102,CUST0705,web,2024-10-07,16,success,26
LOG01103,CUST0146,tablet,2024-09-25,12,success,8
LOG01104,CUST0096,android,2024-10-06,17,success,18
LOG01105,CUST0792,web,2024-01-27,4,success,3
LOG01106,CUST0685,ios,2024-06-22,17,success,35
LOG01107,CUST0765,tablet,2024-05-21,20,success,42
LOG01108,CUST0313,android,2024-09-26,10,success,36
LOG01109,CUST0298,ios,2024-01-10,19,success,41
LOG01110,CUST0258,ios,2024-09-16,12,success,43
LOG01111,CUST0348,tablet,2024-08-11,7,success,27
LOG01112,CUST0419,android,2024-05-11,20,success,38
LOG01113,CUST0846,ios,2024-11-10,2,locked,0
LOG01114,CUST0815,ios,2024-12-07,15,success,12
LOG01115,CUST0987,tablet,2024-11-10,1,success,39
LOG01116,CUST0651,web,2024-05-10,17,success,4
LOG01117,CUST0787,ios,2024-01-17,9,success,30
LOG01118,CUST0240,web,2024-10-19,3,success,9
LOG01119,CUST0096,web,2024-08-22,16,success,17
LOG01120,CUST0722,web,2024-12-17,5,success,28
LOG01121,CUST0082,ios,2024-01-26,10,success,33
LOG01122,CUST0459,android,2024-01-04,18,success,11
LOG01123,CUST0293,tablet,2024-06-05,2,success,9
LOG01124,CUST0893,ios,2024-06-13,4,success,15
LOG01125,CUST0473,tablet,2024-03-27,19,failed,0
LOG01126,CUST0741,android,2024-07-14,11,success,27
LOG01127,CUST0903,tablet,2024-08-02,6,success,4
LOG01128,CUST0451,android,2024-02-27,1,success,24
LOG01129,CUST0995,web,2024-08-25,11,success,33
LOG01130,CUST0902,ios,2024-06-25,22,success,17
LOG01131,CUST0705,ios,2024-08-03,3,success,5
LOG01132,CUST0863,web,2024-12-21,12,success,45
LOG01133,CUST0065,tablet,2024-09-03,16,success,22
LOG01134,CUST0939,android,2024-06-18,18,success,34
LOG01135,CUST0646,tablet,2024-03-08,19,success,34
LOG01136,CUST0274,android,2024-09-21,14,success,24
LOG01137,CUST0489,android,2024-06-28,12,locked,0
LOG01138,CUST0899,ios,2024-02-01,1,success,17
LOG01139,CUST0926,tablet,2024-12-26,2,success,19
LOG01140,CUST0046,tablet,2024-11-11,13,success,38
LOG01141,CUST0040,android,2024-04-15,0,success,27
LOG01142,CUST0961,android,2024-05-14,6,success,4
LOG01143,CUST0146,tablet,2024-11-10,5,success,33
LOG01144,CUST0199,tablet,2024-11-14,4,success,8
LOG01145,CUST0742,web,2024-08-01,2,failed,0
LOG01146,CUST0404,android,2024-12-12,13,success,45
LOG01147,CUST0929,ios,2024-10-05,12,success,11
LOG01148,CUST0917,ios,2024-07-05,1,locked,0
LOG01149,CUST0238,web,2024-03-28,3,success,33
LOG01150,CUST0839,tablet,2024-07-08,0,success,38
LOG01151,CUST0513,tablet,2024-03-17,3,success,2
LOG01152,CUST0207,android,2024-10-13,22,success,22
LOG01153,CUST0197,web,2024-10-03,6,success,33
LOG01154,CUST0192,tablet,2024-04-16,23,success,34
LOG01155,CUST0941,ios,2024-05-11,21,success,8
LOG01156,CUST0623,tablet,2024-09-04,23,success,37
LOG01157,CUST0124,tablet,2024-03-07,4,success,11
LOG01158,CUST0659,ios,2024-10-06,22,success,30
LOG01159,CUST0328,web,2024-02-25,6,success,31
LOG01160,CUST0051,web,2024-06-10,9,success,22
LOG01161,CUST0706,web,2024-08-11,11,success,19
LOG01162,CUST0116,ios,2024-07-27,19,success,31
LOG01163,CUST0036,ios,2024-12-21,9,success,8
LOG01164,CUST0285,android,2024-01-23,15,success,31
LOG01165,CUST0838,tablet,2024-09-19,13,success,23
LOG01166,CUST0758,ios,2024-12-13,0,success,21
LOG01167,CUST0769,web,2024-06-16,19,success,32
LOG01168,CUST0883,web,2024-04-15,6,success,11
LOG01169,CUST0925,tablet,2024-12-19,11,success,10
LOG01170,CUST0262,web,2024-05-19,15,success,8
LOG01171,CUST0168,ios,2024-07-19,10,failed,0
LOG01172,CUST0298,ios,2024-07-20,5,success,3
LOG01173,CUST0062,android,2024-03-12,22,success,24
LOG01174,CUST0242,web,2024-12-02,4,success,2
LOG01175,CUST0521,web,2024-04-17,22,success,2
LOG01176,CUST0962,tablet,2024-11-09,1,success,32
LOG01177,CUST0276,tablet,2024-08-18,4,success,15
LOG01178,CUST0927,tablet,2024-07-20,4,success,5
LOG01179,CUST0007,web,2024-12-19,20,success,16
LOG01180,CUST0115,android,2024-05-22,9,success,39
LOG01181,CUST0292,android,2024-06-02,23,locked,0
LOG01182,CUST0336,android,2024-06-19,8,success,27
LOG01183,CUST0780,android,2024-04-11,13,success,11
LOG01184,CUST0473,android,2024-07-03,0,success,3
LOG01185,CUST0060,android,2024-08-26,3,failed,0
LOG01186,CUST0635,web,2024-04-15,4,success,7
LOG01187,CUST0473,tablet,2024-12-09,0,success,36
LOG01188,CUST0538,web,2024-08-19,14,success,14
LOG01189,CUST0077,android,2024-06-24,9,success,5
LOG01190,CUST0432,web,2024-04-24,7,success,38
LOG01191,CUST0542,ios,2024-09-18,7,success,30
LOG01192,CUST0990,android,2024-01-19,14,success,7
LOG01193,CUST0871,tablet,2024-09-26,4,success,44
LOG01194,CUST0910,tablet,2024-12-12,15,success,38
LOG01195,CUST0691,tablet,2024-03-21,21,success,44
LOG01196,CUST0450,web,2024-12-12,15,success,27
LOG01197,CUST0847,android,2024-07-11,17,success,13
LOG01198,CUST0856,android,2024-01-24,19,success,11
LOG01199,CUST0169,android,2024-07-10,12,success,27
LOG01200,CUST0667,tablet,2024-08-06,19,failed,0
LOG01201,CUST0247,tablet,2024-02-19,20,success,6
LOG01202,CUST0741,android,2024-03-28,16,success,45
LOG01203,CUST0946,ios,2024-10-13,6,success,33
LOG01204,CUST0704,android,2024-03-14,9,success,42
LOG01205,CUST0755,ios,2024-09-02,7,success,7
LOG01206,CUST0644,ios,2024-03-24,13,success,34
LOG01207,CUST0088,tablet,2024-08-06,18,failed,0
LOG01208,CUST0662,ios,2024-06-15,16,success,15
LOG01209,CUST0426,android,2024-03-08,0,success,15
LOG01210,CUST0153,web,2024-03-14,1,success,41
LOG01211,CUST0091,android,2024-03-08,0,success,34
LOG01212,CUST0539,android,2024-02-21,4,success,9
LOG01213,CUST0271,ios,2024-12-25,21,success,27
LOG01214,CUST0359,ios,2024-02-02,2,success,41
LOG01215,CUST0280,web,2024-03-28,1,success,4
LOG01216,CUST0036,android,2024-02-20,20,success,8
LOG01217,CUST0330,android,2024-09-26,11,success,6
LOG01218,CUST0995,android,2024-06-01,21,success,7
LOG01219,CUST0170,ios,2024-12-28,10,success,5
LOG01220,CUST0117,ios,2024-09-15,10,success,34
LOG01221,CUST0187,tablet,2024-08-26,1,success,4
LOG01222,CUST0604,tablet,2024-04-18,0,success,38
LOG01223,CUST0097,web,2024-10-08,15,success,7
LOG01224,CUST0615,android,2024-01-09,11,success,8
LOG01225,CUST0262,tablet,2024-12-18,16,success,8
LOG01226,CUST0807,tablet,2024-06-25,13,success,37
LOG01227,CUST0358,ios,2024-05-18,23,success,39
LOG01228,CUST0067,ios,2024-08-11,7,failed,0
LOG01229,CUST0763,ios,2024-05-28,15,success,40
LOG01230,CUST0762,android,2024-06-06,7,success,43
LOG01231,CUST0739,web,2024-08-11,0,success,37
LOG01232,CUST0872,android,2024-08-18,6,success,27
LOG01233,CUST0197,tablet,2024-05-27,1,locked,0
LOG01234,CUST0959,web,2024-09-11,16,success,7
LOG01235,CUST0559,web,2024-06-15,15,success,2
LOG01236,CUST0454,tablet,2024-06-16,13,locked,0
LOG01237,CUST0444,ios,2024-08-03,1,success,25
LOG01238,CUST0106,android,2024-05-06,1,success,31
LOG01239,CUST0212,web,2024-04-18,12,success,33
LOG01240,CUST0068,web,2024-10-27,14,success,1
LOG01241,CUST0739,tablet,2024-11-28,17,success,8
LOG01242,CUST0942,tablet,2024-10-01,1,success,21
LOG01243,CUST0252,web,2024-12-15,10,success,29
LOG01244,CUST0305,android,2024-05-10,9,success,38
LOG01245,CUST0269,web,2024-07-24,19,success,26
LOG01246,CUST0179,tablet,2024-04-20,11,success,45
LOG01247,CUST0535,android,2024-12-27,7,success,15
LOG01248,CUST0194,web,2024-12-28,19,success,6
LOG01249,CUST0327,web,2024-03-19,23,success,40
LOG01250,CUST0164,tablet,2024-08-16,21,success,13
LOG01251,CUST0379,tablet,2024-02-26,12,success,6
LOG01252,CUST0210,android,2024-02-08,21,success,33
LOG01253,CUST0456,android,2024-09-16,21,success,30
LOG01254,CUST0682,ios,2024-10-28,7,success,4
LOG01255,CUST0945,tablet,2024-08-05,10,success,4
LOG01256,CUST0836,android,2024-10-21,0,success,12
LOG01257,CUST0649,web,2024-01-19,8,success,25
LOG01258,CUST0683,tablet,2024-01-11,0,success,37
LOG01259,CUST0027,ios,2024-06-24,11,success,33
LOG01260,CUST0534,tablet,2024-04-15,20,success,2
LOG01261,CUST0453,android,2024-05-04,18,success,18
LOG01262,CUST0842,android,2024-07-22,3,success,9
LOG01263,CUST0196,tablet,2024-10-21,14,success,3
LOG01264,CUST0582,android,2024-06-08,6,success,8
LOG01265,CUST0692,ios,2024-06-04,16,locked,0
LOG01266,CUST0289,tablet,2024-01-09,16,success,21
LOG01267,CUST0047,ios,2024-04-03,7,success,19
LOG01268,CUST0727,web,2024-08-04,11,success,23
LOG01269,CUST0054,ios,2024-08-04,10,failed,0
LOG01270,CUST0725,android,2024-01-16,8,success,15
LOG01271,CUST0913,ios,2024-07-18,4,success,6
LOG01272,CUST0147,android,2024-03-23,3,success,10
LOG01273,CUST0415,ios,2024-01-16,21,success,28
LOG01274,CUST0702,tablet,2024-10-12,22,success,21
LOG01275,CUST0696,tablet,2024-02-24,16,success,39
LOG01276,CUST0805,tablet,2024-03-12,0,success,28
LOG01277,CUST0870,tablet,2024-04-14,10,failed,0
LOG01278,CUST0528,tablet,2024-12-21,22,success,38
LOG01279,CUST0714,ios,2024-11-07,3,success,7
LOG01280,CUST0113,android,2024-11-18,2,success,33
LOG01281,CUST0203,android,2024-04-11,14,success,40
LOG01282,CUST0061,ios,2024-12-25,13,success,8
LOG01283,CUST0496,tablet,2024-06-17,16,success,33
LOG01284,CUST0908,ios,2024-08-27,12,failed,0
LOG01285,CUST0432,android,2024-11-23,14,success,23
LOG01286,CUST0350,android,2024-08-12,17,success,13
LOG01287,CUST0625,android,2024-11-16,17,success,27
LOG01288,CUST0273,android,2024-09-07,8,failed,0
LOG01289,CUST0280,web,2024-04-09,1,success,34
LOG01290,CUST0535,web,2024-12-28,10,success,6
LOG01291,CUST0058,tablet,2024-08-04,15,success,28
LOG01292,CUST0387,ios,2024-06-16,18,success,13
LOG01293,CUST0849,android,2024-09-14,16,success,4
LOG01294,CUST0010,tablet,2024-12-07,17,success,26
LOG01295,CUST0337,web,2024-04-15,0,success,9
LOG01296,CUST0988,tablet,2024-10-19,5,success,30
LOG01297,CUST0664,ios,2024-03-09,18,success,27
LOG01298,CUST0093,ios,2024-05-27,17,success,42
LOG01299,CUST0698,tablet,2024-01-04,7,success,40
LOG01300,CUST0547,tablet,2024-03-09,11,success,8
LOG01301,CUST0936,web,2024-08-04,17,failed,0
LOG01302,CUST0791,tablet,2024-06-05,5,success,8
LOG01303,CUST0709,android,2024-07-17,8,success,28
LOG01304,CUST0366,tablet,2024-06-18,8,success,12
LOG01305,CUST0652,android,2024-11-02,6,success,18
LOG01306,CUST0598,tablet,2024-04-14,9,success,32
LOG01307,CUST1000,android,2024-03-27,2,success,20
LOG01308,CUST0623,tablet,2024-07-21,9,success,23
LOG01309,CUST0486,ios,2024-02-22,7,failed,0
LOG01310,CUST1000,android,2024-12-20,2,success,25
LOG01311,CUST0539,ios,2024-10-28,22,success,11
LOG01312,CUST0807,ios,2024-10-15,13,success,12
LOG01313,CUST0183,android,2024-08-26,2,success,42
LOG01314,CUST0079,ios,2024-06-01,20,success,13
LOG01315,CUST0417,tablet,2024-09-25,18,success,39
LOG01316,CUST0295,ios,2024-08-18,6,success,31
LOG01317,CUST0286,web,2024-08-07,5,failed,0
LOG01318,CUST0340,tablet,2024-02-19,10,failed,0
LOG01319,CUST0375,web,2024-10-25,13,success,31
LOG01320,CUST0162,tablet,2024-11-13,1,success,12
LOG01321,CUST0922,android,2024-08-16,3,success,25
LOG01322,CUST0600,web,2024-05-10,5,success,36
LOG01323,CUST0193,tablet,2024-04-27,5,success,3
LOG01324,CUST0925,android,2024-05-06,18,success,24
LOG01325,CUST0992,web,2024-12-23,8,locked,0
LOG01326,CUST0481,android,2024-03-02,1,success,6
LOG01327,CUST0393,android,2024-09-02,12,success,12
LOG01328,CUST0277,ios,2024-04-20,20,success,41
LOG01329,CUST0449,tablet,2024-12-16,10,success,40
LOG01330,CUST0582,ios,2024-10-04,17,success,22
LOG01331,CUST0622,android,2024-06-17,16,success,8
LOG01332,CUST0598,web,2024-09-06,8,success,19
LOG01333,CUST0700,android,2024-02-28,16,success,15
LOG01334,CUST0743,web,2024-07-15,1,success,28
LOG01335,CUST0110,tablet,2024-10-07,17,success,32
LOG01336,CUST0245,android,2024-01-25,22,success,32
LOG01337,CUST0870,android,2024-11-15,5,success,24
LOG01338,CUST0038,ios,2024-03-13,2,success,20
LOG01339,CUST0048,web,2024-05-13,9,success,21
LOG01340,CUST0630,android,2024-02-16,11,failed,0
LOG01341,CUST0841,web,2024-01-23,0,success,24
LOG01342,CUST0371,android,2024-05-19,21,success,29
LOG01343,CUST0562,android,2024-05-03,4,failed,0
LOG01344,CUST0965,tablet,2024-01-03,23,success,13
LOG01345,CUST0983,tablet,2024-10-05,21,success,38
LOG01346,CUST0173,android,2024-03-27,7,success,8
LOG01347,CUST0752,android,2024-11-18,15,success,42
LOG01348,CUST0815,android,2024-01-26,15,success,10
LOG01349,CUST0396,ios,2024-09-24,20,success,11
LOG01350,CUST0983,ios,2024-11-16,12,success,41
LOG01351,CUST0871,ios,2024-06-13,15,failed,0
LOG01352,CUST0608,web,2024-05-05,9,success,12
LOG01353,CUST0879,ios,2024-03-14,9,failed,0
LOG01354,CUST0153,ios,2024-11-08,7,success,16
LOG01355,CUST0163,tablet,2024-01-25,21,success,12
LOG01356,CUST0140,ios,2024-11-15,10,success,32
LOG01357,CUST0667,web,2024-09-07,9,success,43
LOG01358,CUST0929,android,2024-08-08,0,success,33
LOG01359,CUST0822,android,2024-12-26,16,success,37
LOG01360,CUST0727,ios,2024-05-24,21,success,8
LOG01361,CUST0832,ios,2024-10-14,7,success,39
LOG01362,CUST0505,web,2024-03-05,16,success,15
LOG01363,CUST0153,android,2024-10-08,18,success,17
LOG01364,CUST0633,android,2024-01-27,19,success,15
LOG01365,CUST0418,tablet,2024-08-18,11,success,18
LOG01366,CUST0962,web,2024-06-09,23,success,19
LOG01367,CUST0280,web,2024-03-26,19,success,30
LOG01368,CUST0944,ios,2024-08-05,13,success,11
LOG01369,CUST0812,ios,2024-04-26,8,success,13
LOG01370,CUST0497,web,2024-06-23,14,success,15
LOG01371,CUST0505,web,2024-02-08,19,success,5
LOG01372,CUST0110,tablet,2024-06-07,3,success,27
LOG01373,CUST0259,web,2024-07-23,23,success,29
LOG01374,CUST0933,web,2024-08-02,11,success,31
LOG01375,CUST0096,web,2024-10-21,2,success,15
LOG01376,CUST0931,ios,2024-04-08,11,success,41
LOG01377,CUST0670,web,2024-06-01,3,success,36
LOG01378,CUST0313,android,2024-01-23,23,success,17
LOG01379,CUST0086,android,2024-04-15,6,success,9
LOG01380,CUST0025,ios,2024-03-02,2,failed,0
LOG01381,CUST0467,ios,2024-09-06,4,success,3
LOG01382,CUST0985,tablet,2024-09-13,20,failed,0
LOG01383,CUST0570,tablet,2024-07-08,0,success,2
LOG01384,CUST0640,tablet,2024-05-18,17,success,15
LOG01385,CUST0945,tablet,2024-06-14,17,failed,0
LOG01386,CUST0590,ios,2024-10-19,10,success,6
LOG01387,CUST0089,android,2024-03-20,16,success,42
LOG01388,CUST0213,ios,2024-06-01,18,success,29
LOG01389,CUST0378,ios,2024-03-20,23,success,19
LOG01390,CUST0869,tablet,2024-04-28,21,success,4
LOG01391,CUST0714,android,2024-04-24,0,success,21
LOG01392,CUST0800,ios,2024-04-06,7,success,26
LOG01393,CUST0936,android,2024-02-22,17,success,20
LOG01394,CUST0906,android,2024-02-11,2,locked,0
LOG01395,CUST0395,web,2024-12-25,21,success,27
LOG01396,CUST0817,web,2024-10-28,4,success,27
LOG01397,CUST0796,web,2024-10-16,17,success,38
LOG01398,CUST0020,android,2024-09-01,0,success,1
LOG01399,CUST0204,ios,2024-03-14,1,success,34
LOG01400,CUST0517,web,2024-11-07,18,success,45
LOG01401,CUST0274,tablet,2024-04-04,0,failed,0
LOG01402,CUST0218,ios,2024-02-25,5,success,1
LOG01403,CUST0319,web,2024-03-17,4,success,27
LOG01404,CUST0128,tablet,2024-01-25,2,success,40
LOG01405,CUST0929,tablet,2024-03-24,17,success,14
LOG01406,CUST0730,ios,2024-02-05,23,success,7
LOG01407,CUST0041,android,2024-06-25,3,success,27
LOG01408,CUST0996,android,2024-12-20,15,success,20
LOG01409,CUST0577,tablet,2024-11-01,9,failed,0
LOG01410,CUST0656,ios,2024-12-02,18,success,30
LOG01411,CUST0854,tablet,2024-07-22,7,success,3
LOG01412,CUST0052,web,2024-06-07,2,success,41
LOG01413,CUST0286,ios,2024-03-07,12,success,16
LOG01414,CUST0169,tablet,2024-02-09,15,success,12
LOG01415,CUST0660,web,2024-01-16,12,success,13
LOG01416,CUST0234,ios,2024-08-12,1,success,18
LOG01417,CUST0930,web,2024-05-17,7,success,43
LOG01418,CUST0294,ios,2024-07-01,2,success,28
LOG01419,CUST0732,tablet,2024-12-26,22,success,2
LOG01420,CUST0949,tablet,2024-04-15,5,success,43
LOG01421,CUST0324,tablet,2024-06-18,8,success,26
LOG01422,CUST0214,android,2024-08-27,1,success,14
LOG01423,CUST0807,android,2024-01-05,18,success,29
LOG01424,CUST0569,ios,2024-03-22,6,failed,0
LOG01425,CUST0238,web,2024-09-14,4,success,10
LOG01426,CUST0673,ios,2024-04-27,9,success,9
LOG01427,CUST0148,tablet,2024-05-03,0,success,41
LOG01428,CUST0282,ios,2024-04-01,11,success,25
LOG01429,CUST0803,web,2024-08-15,13,success,26
LOG01430,CUST0111,ios,2024-06-04,15,success,20
LOG01431,CUST0177,android,2024-01-18,9,success,40
LOG01432,CUST0550,ios,2024-12-19,0,success,7
LOG01433,CUST0446,tablet,2024-05-13,13,failed,0
LOG01434,CUST0011,ios,2024-07-22,23,success,19
LOG01435,CUST0761,web,2024-02-21,20,success,28
LOG01436,CUST0680,tablet,2024-02-05,8,success,44
LOG01437,CUST0385,web,2024-12-19,14,success,20
LOG01438,CUST0804,tablet,2024-10-06,13,success,44
LOG01439,CUST0913,android,2024-03-18,5,success,30
LOG01440,CUST0716,web,2024-07-20,8,locked,0
LOG01441,CUST0558,ios,2024-06-23,9,success,30
LOG01442,CUST0389,ios,2024-05-10,14,success,11
LOG01443,CUST0042,android,2024-02-07,15,success,33
LOG01444,CUST0254,web,2024-03-24,23,success,5
LOG01445,CUST0241,tablet,2024-03-22,8,success,3
LOG01446,CUST0972,web,2024-07-24,11,success,21
LOG01447,CUST0163,android,2024-11-16,20,success,22
LOG01448,CUST0830,tablet,2024-03-13,15,success,36
LOG01449,CUST0198,android,2024-01-05,23,success,13
LOG01450,CUST0040,web,2024-04-07,1,success,32
LOG01451,CUST0475,android,2024-12-01,20,success,6
LOG01452,CUST0861,web,2024-04-06,7,success,20
LOG01453,CUST0064,web,2024-06-11,0,success,28
LOG01454,CUST0854,ios,2024-08-04,17,success,25
LOG01455,CUST0205,android,2024-10-18,11,success,35
LOG01456,CUST0056,tablet,2024-07-15,23,success,28
LOG01457,CUST0144,android,2024-11-28,22,success,5
LOG01458,CUST0409,web,2024-02-05,12,success,17
LOG01459,CUST0937,tablet,2024-04-16,1,success,42
LOG01460,CUST0067,web,2024-02-12,4,success,29
LOG01461,CUST0450,tablet,2024-01-25,0,success,34
LOG01462,CUST0350,web,2024-06-02,13,success,14
LOG01463,CUST0826,web,2024-11-16,12,success,14
LOG01464,CUST0528,android,2024-03-07,10,success,42
LOG01465,CUST0970,ios,2024-11-07,13,success,26
LOG01466,CUST0159,android,2024-04-16,13,success,41
LOG01467,CUST0823,android,2024-11-16,1,success,31
LOG01468,CUST0244,tablet,2024-07-27,17,success,6
LOG01469,CUST0445,tablet,2024-07-01,14,success,1
LOG01470,CUST0276,tablet,2024-11-14,0,success,22
LOG01471,CUST0606,ios,2024-12-03,18,success,37
LOG01472,CUST0193,web,2024-05-20,22,success,42
LOG01473,CUST0667,tablet,2024-02-12,19,success,36
LOG01474,CUST0450,ios,2024-07-21,5,success,21
LOG01475,CUST0345,web,2024-08-10,3,success,17
LOG01476,CUST0737,web,2024-11-28,1,success,40
LOG01477,CUST0040,tablet,2024-07-01,7,success,18
LOG01478,CUST0014,android,2024-12-25,12,success,6
LOG01479,CUST0933,tablet,2024-10-07,3,success,13
LOG01480,CUST0255,tablet,2024-04-10,10,success,12
LOG01481,CUST0547,android,2024-05-22,7,success,25
LOG01482,CUST0264,web,2024-05-27,11,success,7
LOG01483,CUST0415,web,2024-10-09,13,success,22
LOG01484,CUST0897,ios,2024-11-17,13,success,21
LOG01485,CUST1000,android,2024-06-14,14,success,2
LOG01486,CUST0646,tablet,2024-12-27,18,success,7
LOG01487,CUST0450,android,2024-07-01,21,success,35
LOG01488,CUST0102,ios,2024-06-15,1,success,10
LOG01489,CUST0713,ios,2024-03-09,17,success,45
LOG01490,CUST0449,android,2024-05-16,1,locked,0
LOG01491,CUST0500,web,2024-10-13,10,success,2
LOG01492,CUST0794,android,2024-03-27,3,success,29
LOG01493,CUST0636,tablet,2024-12-14,9,success,29
LOG01494,CUST0008,web,2024-12-18,13,success,6
LOG01495,CUST0414,web,2024-07-03,4,success,27
LOG01496,CUST0138,web,2024-07-19,11,success,24
LOG01497,CUST0069,tablet,2024-03-17,23,success,12
LOG01498,CUST0392,android,2024-05-06,4,success,43
LOG01499,CUST0300,tablet,2024-05-13,18,success,23
LOG01500,CUST0908,android,2024-04-14,16,success,18
LOG01501,CUST0922,android,2024-11-09,8,success,15
LOG01502,CUST0930,web,2024-11-18,1,success,41
LOG01503,CUST0665,ios,2024-08-27,4,success,29
LOG01504,CUST0105,web,2024-02-04,4,success,12
LOG01505,CUST0625,android,2024-06-17,16,failed,0
LOG01506,CUST0516,web,2024-02-19,6,failed,0
LOG01507,CUST0649,ios,2024-07-21,22,success,15
LOG01508,CUST0705,web,2024-10-09,13,success,33
LOG01509,CUST0071,ios,2024-10-11,4,success,38
LOG01510,CUST0679,ios,2024-09-11,5,success,40
LOG01511,CUST0224,android,2024-02-10,5,success,6
LOG01512,CUST0082,web,2024-05-16,18,success,41
LOG01513,CUST0747,android,2024-05-28,19,success,44
LOG01514,CUST0586,ios,2024-02-26,22,failed,0
LOG01515,CUST0018,tablet,2024-11-02,10,success,38
LOG01516,CUST0351,web,2024-04-25,22,success,33
LOG01517,CUST0284,web,2024-11-03,4,success,43
LOG01518,CUST0777,ios,2024-09-15,22,success,33
LOG01519,CUST0277,ios,2024-02-01,14,success,6
LOG01520,CUST0270,tablet,2024-07-27,8,success,14
LOG01521,CUST0005,android,2024-10-06,1,success,7
LOG01522,CUST0546,tablet,2024-01-25,13,success,39
LOG01523,CUST0764,ios,2024-03-25,18,success,18
LOG01524,CUST0058,android,2024-02-13,5,success,2
LOG01525,CUST0090,tablet,2024-09-26,1,failed,0
LOG01526,CUST0476,ios,2024-03-17,3,success,30
LOG01527,CUST0905,web,2024-11-21,20,success,30
LOG01528,CUST0503,ios,2024-02-17,17,success,2
LOG01529,CUST0442,tablet,2024-06-21,1,success,28
LOG01530,CUST0371,web,2024-04-09,0,success,10
LOG01531,CUST0446,tablet,2024-02-14,2,success,30
LOG01532,CUST0456,web,2024-04-22,19,success,22
LOG01533,CUST0266,ios,2024-11-03,22,success,42
LOG01534,CUST0439,android,2024-02-18,13,success,8
LOG01535,CUST0905,web,2024-12-06,20,success,33
LOG01536,CUST0379,ios,2024-10-08,1,failed,0
LOG01537,CUST0901,web,2024-11-09,19,success,38
LOG01538,CUST0273,tablet,2024-09-20,14,success,7
LOG01539,CUST0418,tablet,2024-02-04,17,success,3
LOG01540,CUST0764,android,2024-02-27,0,success,11
LOG01541,CUST0062,tablet,2024-04-15,17,success,28
LOG01542,CUST0412,web,2024-06-22,15,success,39
LOG01543,CUST0345,web,2024-08-06,18,success,17
LOG01544,CUST0071,ios,2024-09-14,10,success,25
LOG01545,CUST0998,tablet,2024-11-28,21,failed,0
LOG01546,CUST0960,ios,2024-11-16,4,success,11
LOG01547,CUST0353,android,2024-07-07,11,success,15
LOG01548,CUST0124,ios,2024-02-23,11,success,3
LOG01549,CUST0032,android,2024-03-20,18,success,18
LOG01550,CUST0536,tablet,2024-02-07,21,success,1
LOG01551,CUST0195,web,2024-09-01,14,success,45
LOG01552,CUST0088,android,2024-10-03,5,success,44
LOG01553,CUST0260,web,2024-11-19,7,success,39
LOG01554,CUST0369,tablet,2024-04-17,21,success,16
LOG01555,CUST0334,web,2024-07-18,3,success,25
LOG01556,CUST0178,ios,2024-12-22,1,success,29
LOG01557,CUST0239,tablet,2024-04-15,21,failed,0
LOG01558,CUST0353,tablet,2024-01-17,2,success,45
LOG01559,CUST0552,android,2024-12-26,14,success,35
LOG01560,CUST0232,ios,2024-07-17,5,success,19
LOG01561,CUST0710,web,2024-07-09,11,failed,0
LOG01562,CUST0459,web,2024-04-03,1,success,9
LOG01563,CUST0421,tablet,2024-09-20,22,success,12
LOG01564,CUST0486,web,2024-08-03,8,success,5
LOG01565,CUST0181,web,2024-06-05,19,success,26
LOG01566,CUST0354,ios,2024-10-27,15,success,18
LOG01567,CUST0463,web,2024-01-03,21,success,22
LOG01568,CUST0565,tablet,2024-07-17,9,success,11
LOG01569,CUST0456,ios,2024-06-09,10,success,11
LOG01570,CUST0893,ios,2024-12-28,4,success,9
LOG01571,CUST0193,android,2024-09-24,18,success,5
LOG01572,CUST0140,ios,2024-12-19,9,success,29
LOG01573,CUST0108,web,2024-01-04,1,success,43
LOG01574,CUST0253,web,2024-02-10,21,success,45
LOG01575,CUST0604,android,2024-01-19,9,success,29
LOG01576,CUST0847,tablet,2024-12-09,19,success,7
LOG01577,CUST0581,ios,2024-09-07,4,success,24
LOG01578,CUST0838,android,2024-02-01,18,success,45
LOG01579,CUST0858,tablet,2024-01-22,5,success,40
LOG01580,CUST0066,android,2024-07-19,19,success,20
LOG01581,CUST0739,tablet,2024-11-18,14,success,10
LOG01582,CUST0623,tablet,2024-05-24,12,success,14
LOG01583,CUST0936,android,2024-12-15,4,success,32
LOG01584,CUST0864,ios,2024-02-21,18,success,9
LOG01585,CUST0496,android,2024-12-26,1,success,33
LOG01586,CUST0667,web,2024-07-10,5,success,16
LOG01587,CUST0309,web,2024-11-15,12,success,24
LOG01588,CUST0526,tablet,2024-04-04,2,success,14
LOG01589,CUST0375,web,2024-12-20,5,success,25
LOG01590,CUST0482,web,2024-06-14,9,success,15
LOG01591,CUST0123,ios,2024-03-18,3,success,24
LOG01592,CUST0955,tablet,2024-02-07,13,success,15
LOG01593,CUST0900,ios,2024-11-24,4,success,3
LOG01594,CUST0726,web,2024-07-01,16,failed,0
LOG01595,CUST0396,tablet,2024-05-02,15,success,34
LOG01596,CUST0953,android,2024-12-04,16,success,40
LOG01597,CUST0620,tablet,2024-02-26,15,success,2
LOG01598,CUST0554,web,2024-09-03,10,failed,0
LOG01599,CUST0164,tablet,2024-08-23,3,success,11
LOG01600,CUST0506,web,2024-12-01,14,success,14
LOG01601,CUST0992,tablet,2024-02-28,7,success,20
LOG01602,CUST0059,tablet,2024-04-25,5,success,13
LOG01603,CUST0397,ios,2024-11-17,3,success,38
LOG01604,CUST0826,tablet,2024-10-20,2,success,6
LOG01605,CUST0218,android,2024-08-08,13,success,39
LOG01606,CUST0722,tablet,2024-08-04,18,success,28
LOG01607,CUST0806,tablet,2024-09-03,12,success,25
LOG01608,CUST0502,android,2024-05-03,13,success,12
LOG01609,CUST0417,web,2024-10-16,1,success,14
LOG01610,CUST0955,ios,2024-02-26,4,success,43
LOG01611,CUST0744,ios,2024-02-26,11,success,40
LOG01612,CUST0820,tablet,2024-11-01,19,success,10
LOG01613,CUST0470,ios,2024-02-26,13,success,17
LOG01614,CUST0987,ios,2024-09-27,8,success,32
LOG01615,CUST0533,tablet,2024-12-03,14,success,18
LOG01616,CUST0010,web,2024-05-18,11,success,42
LOG01617,CUST0116,ios,2024-01-14,3,success,25
LOG01618,CUST0525,tablet,2024-04-16,0,success,18
LOG01619,CUST0634,tablet,2024-08-04,22,success,34
LOG01620,CUST0664,ios,2024-08-18,3,failed,0
LOG01621,CUST0149,web,2024-10-17,7,success,37
LOG01622,CUST0702,android,2024-10-16,23,success,14
LOG01623,CUST0430,tablet,2024-05-06,3,success,6
LOG01624,CUST0932,ios,2024-12-26,12,success,1
LOG01625,CUST0602,android,2024-12-05,16,success,31
LOG01626,CUST0499,web,2024-07-22,11,success,37
LOG01627,CUST0817,ios,2024-08-14,22,success,30
LOG01628,CUST0234,ios,2024-07-25,9,locked,0
LOG01629,CUST0166,tablet,2024-11-14,14,success,2
LOG01630,CUST0090,web,2024-03-27,6,success,9
LOG01631,CUST0498,web,2024-04-10,1,locked,0
LOG01632,CUST0469,android,2024-12-24,23,success,32
LOG01633,CUST0411,tablet,2024-05-16,16,success,45
LOG01634,CUST0315,tablet,2024-01-21,10,success,8
LOG01635,CUST0235,android,2024-12-01,12,success,3
LOG01636,CUST0742,ios,2024-10-23,15,success,20
LOG01637,CUST0342,android,2024-04-24,11,success,1
LOG01638,CUST0616,android,2024-02-22,8,success,1
LOG01639,CUST0412,android,2024-01-14,20,success,38
LOG01640,CUST0853,web,2024-11-01,6,success,14
LOG01641,CUST0699,ios,2024-07-06,7,success,2
LOG01642,CUST0344,web,2024-04-05,5,success,1
LOG01643,CUST0997,ios,2024-08-18,8,success,45
LOG01644,CUST0944,ios,2024-05-28,1,success,45
LOG01645,CUST0530,ios,2024-08-27,10,success,17
LOG01646,CUST0735,web,2024-09-16,22,success,10
LOG01647,CUST0219,android,2024-08-21,2,success,22
LOG01648,CUST0386,web,2024-01-24,0,success,20
LOG01649,CUST0109,web,2024-09-13,15,success,44
LOG01650,CUST0135,web,2024-12-01,20,success,45
LOG01651,CUST0280,android,2024-06-25,20,failed,0
LOG01652,CUST0659,web,2024-01-15,10,success,27
LOG01653,CUST0265,web,2024-10-13,20,success,37
LOG01654,CUST0188,android,2024-05-18,3,success,20
LOG01655,CUST0171,web,2024-12-02,9,success,26
LOG01656,CUST0375,web,2024-12-11,2,success,5
LOG01657,CUST0730,tablet,2024-01-02,20,success,9
LOG01658,CUST0156,tablet,2024-11-11,22,success,39
LOG01659,CUST0634,ios,2024-07-13,4,success,18
LOG01660,CUST0923,android,2024-08-26,17,locked,0
LOG01661,CUST0067,web,2024-09-22,23,success,40
LOG01662,CUST0722,tablet,2024-06-24,20,success,25
LOG01663,CUST0106,web,2024-07-20,4,success,8
LOG01664,CUST0709,android,2024-10-08,21,success,30
LOG01665,CUST0769,web,2024-08-09,2,success,12
LOG01666,CUST0732,tablet,2024-07-16,0,success,18
LOG01667,CUST0316,tablet,2024-02-18,12,success,43
LOG01668,CUST0066,ios,2024-10-02,8,success,4
LOG01669,CUST0520,tablet,2024-03-23,23,success,15
LOG01670,CUST0326,web,2024-11-16,3,success,30
LOG01671,CUST0033,ios,2024-02-20,2,success,5
LOG01672,CUST0155,web,2024-11-19,10,success,22
LOG01673,CUST0220,ios,2024-12-10,3,success,28
LOG01674,CUST0425,tablet,2024-12-06,21,success,36
LOG01675,CUST0915,web,2024-07-14,1,success,40
LOG01676,CUST0004,ios,2024-09-18,10,success,5
LOG01677,CUST0072,android,2024-12-04,20,success,6
LOG01678,CUST0368,android,2024-03-26,12,success,22
LOG01679,CUST0379,web,2024-12-05,14,locked,0
LOG01680,CUST0708,tablet,2024-11-03,20,success,4
LOG01681,CUST0320,web,2024-03-28,16,success,27
LOG01682,CUST0298,tablet,2024-09-17,0,success,40
LOG01683,CUST0026,web,2024-10-23,10,success,2
LOG01684,CUST0344,android,2024-12-24,16,failed,0
LOG01685,CUST0852,web,2024-12-24,12,success,7
LOG01686,CUST0888,ios,2024-08-05,17,success,9
LOG01687,CUST0172,ios,2024-02-10,8,success,26
LOG01688,CUST0969,ios,2024-07-14,16,success,39
LOG01689,CUST0326,web,2024-05-18,10,success,37
LOG01690,CUST0721,tablet,2024-06-27,5,success,23
LOG01691,CUST0896,tablet,2024-01-27,1,success,9
LOG01692,CUST0537,web,2024-05-28,6,success,10
LOG01693,CUST0637,android,2024-12-18,2,success,28
LOG01694,CUST0045,tablet,2024-03-20,21,success,21
LOG01695,CUST0746,tablet,2024-02-07,12,success,7
LOG01696,CUST0009,android,2024-04-16,8,success,37
LOG01697,CUST0703,ios,2024-02-26,4,locked,0
LOG01698,CUST0635,tablet,2024-10-17,12,success,45
LOG01699,CUST0734,tablet,2024-08-28,21,success,6
LOG01700,CUST0371,web,2024-06-13,4,locked,0
LOG01701,CUST0193,web,2024-08-14,9,success,40
LOG01702,CUST0065,web,2024-06-15,16,success,40
LOG01703,CUST0850,android,2024-10-11,3,success,36
LOG01704,CUST0946,android,2024-10-11,19,success,4
LOG01705,CUST0367,tablet,2024-01-28,6,success,25
LOG01706,CUST0860,tablet,2024-03-24,22,success,7
LOG01707,CUST0057,ios,2024-02-12,7,success,30
LOG01708,CUST0832,android,2024-04-08,0,success,11
LOG01709,CUST0283,tablet,2024-08-16,13,success,27
LOG01710,CUST0567,tablet,2024-12-01,13,failed,0
LOG01711,CUST0092,android,2024-09-02,19,success,5
LOG01712,CUST0008,tablet,2024-11-05,18,success,28
LOG01713,CUST0508,ios,2024-03-10,16,success,8
LOG01714,CUST0350,tablet,2024-01-07,8,success,19
LOG01715,CUST0813,android,2024-08-26,2,success,4
LOG01716,CUST0239,web,2024-08-21,1,success,35
LOG01717,CUST0233,ios,2024-11-26,9,success,18
LOG01718,CUST0251,tablet,2024-05-16,11,success,14
LOG01719,CUST0412,web,2024-04-19,19,success,45
LOG01720,CUST0962,ios,2024-09-13,23,success,38
LOG01721,CUST0668,ios,2024-05-22,2,failed,0
LOG01722,CUST0827,web,2024-03-12,13,success,7
LOG01723,CUST0666,tablet,2024-06-02,13,failed,0
LOG01724,CUST0304,ios,2024-12-08,0,success,4
LOG01725,CUST0770,tablet,2024-10-14,11,success,33
LOG01726,CUST0145,tablet,2024-09-06,14,success,27
LOG01727,CUST0781,ios,2024-10-08,1,success,41
LOG01728,CUST0152,ios,2024-05-28,2,success,31
LOG01729,CUST0122,web,2024-06-23,6,success,32
LOG01730,CUST0248,android,2024-12-16,9,failed,0
LOG01731,CUST0805,android,2024-02-11,4,success,45
LOG01732,CUST0812,ios,2024-07-24,19,success,27
LOG01733,CUST0008,tablet,2024-01-16,6,success,40
LOG01734,CUST0380,web,2024-02-08,2,success,16
LOG01735,CUST0646,tablet,2024-09-17,13,success,39
LOG01736,CUST0303,android,2024-03-08,0,success,31
LOG01737,CUST0889,web,2024-07-25,14,success,16
LOG01738,CUST0477,tablet,2024-01-20,12,success,10
LOG01739,CUST0140,web,2024-07-07,16,success,5
LOG01740,CUST0446,android,2024-04-04,4,success,40
LOG01741,CUST0084,web,2024-05-05,23,success,6
LOG01742,CUST0320,web,2024-05-02,7,success,18
LOG01743,CUST0106,web,2024-05-14,8,success,24
LOG01744,CUST0379,ios,2024-03-16,2,success,12
LOG01745,CUST0999,android,2024-08-10,8,success,7
LOG01746,CUST0301,tablet,2024-03-20,21,success,33
LOG01747,CUST0857,ios,2024-03-21,16,success,21
LOG01748,CUST0198,android,2024-03-25,18,success,41
LOG01749,CUST0445,tablet,2024-01-28,8,success,45
LOG01750,CUST0890,android,2024-12-19,17,success,15
LOG01751,CUST0753,tablet,2024-09-24,14,success,31
LOG01752,CUST0149,android,2024-06-23,2,success,17
LOG01753,CUST0662,tablet,2024-05-09,1,success,21
LOG01754,CUST0260,ios,2024-11-03,21,success,11
LOG01755,CUST0730,tablet,2024-05-19,5,success,29
LOG01756,CUST0170,web,2024-11-10,21,success,23
LOG01757,CUST0895,android,2024-04-17,18,success,20
LOG01758,CUST0493,tablet,2024-11-09,19,success,12
LOG01759,CUST0728,ios,2024-03-28,10,success,31
LOG01760,CUST0487,web,2024-03-06,20,success,29
LOG01761,CUST0065,tablet,2024-05-18,8,success,23
LOG01762,CUST0125,web,2024-06-10,23,success,9
LOG01763,CUST0400,android,2024-06-11,7,success,24
LOG01764,CUST0915,web,2024-06-18,16,success,37
LOG01765,CUST0604,android,2024-12-28,20,success,4
LOG01766,CUST0226,web,2024-08-15,21,failed,0
LOG01767,CUST0281,web,2024-09-11,6,success,7
LOG01768,CUST0127,android,2024-04-02,17,success,10
LOG01769,CUST0755,android,2024-03-04,13,success,42
LOG01770,CUST0914,tablet,2024-07-05,11,failed,0
LOG01771,CUST0778,tablet,2024-04-27,21,success,2
LOG01772,CUST0152,ios,2024-04-04,4,success,10
LOG01773,CUST0669,android,2024-01-02,14,success,40
LOG01774,CUST0560,tablet,2024-02-01,11,success,19
LOG01775,CUST0038,web,2024-04-28,17,success,4
LOG01776,CUST0555,tablet,2024-07-14,10,success,42
LOG01777,CUST0080,web,2024-04-20,7,failed,0
LOG01778,CUST0388,ios,2024-03-08,7,failed,0
LOG01779,CUST1000,ios,2024-07-09,13,success,18
LOG01780,CUST0582,web,2024-07-12,22,failed,0
LOG01781,CUST0577,ios,2024-01-12,9,success,34
LOG01782,CUST0371,android,2024-08-07,4,success,39
LOG01783,CUST0090,tablet,2024-03-22,20,success,4
LOG01784,CUST0890,tablet,2024-08-06,13,success,24
LOG01785,CUST0191,ios,2024-03-02,19,success,26
LOG01786,CUST0428,ios,2024-08-05,10,success,32
LOG01787,CUST0012,android,2024-03-25,1,success,36
LOG01788,CUST0292,android,2024-08-12,16,success,9
LOG01789,CUST0150,tablet,2024-03-22,9,success,38
LOG01790,CUST0632,ios,2024-02-16,16,success,33
LOG01791,CUST0483,tablet,2024-04-09,1,locked,0
LOG01792,CUST0239,tablet,2024-08-23,12,success,1
LOG01793,CUST0693,ios,2024-08-21,6,success,26
LOG01794,CUST0960,tablet,2024-03-18,1,success,29
LOG01795,CUST0903,android,2024-12-19,18,success,44
LOG01796,CUST0414,web,2024-01-03,5,success,22
LOG01797,CUST0495,ios,2024-03-07,20,success,40
LOG01798,CUST0758,tablet,2024-01-18,7,success,28
LOG01799,CUST0156,tablet,2024-03-20,11,success,26
LOG01800,CUST0320,web,2024-02-09,17,success,32
LOG01801,CUST0451,web,2024-06-19,23,success,8
LOG01802,CUST0514,ios,2024-07-17,23,success,38
LOG01803,CUST0843,android,2024-10-25,6,success,29
LOG01804,CUST0613,tablet,2024-05-10,23,success,5
LOG01805,CUST0488,web,2024-06-05,10,success,15
LOG01806,CUST0616,android,2024-11-06,11,success,21
LOG01807,CUST0029,android,2024-04-02,17,success,30
LOG01808,CUST0945,ios,2024-12-16,13,success,12
LOG01809,CUST0482,tablet,2024-01-07,7,success,8
LOG01810,CUST0859,web,2024-09-25,6,success,14
LOG01811,CUST0041,ios,2024-12-28,19,success,23
LOG01812,CUST0538,tablet,2024-08-09,7,failed,0
LOG01813,CUST0394,android,2024-05-17,21,success,34
LOG01814,CUST0241,ios,2024-07-05,23,success,42
LOG01815,CUST0117,tablet,2024-12-11,0,success,3
LOG01816,CUST0705,web,2024-12-15,2,success,33
LOG01817,CUST0530,android,2024-11-22,12,success,42
LOG01818,CUST0706,web,2024-02-28,7,success,8
LOG01819,CUST0908,web,2024-03-19,13,success,13
LOG01820,CUST0798,android,2024-08-09,12,success,36
LOG01821,CUST0745,tablet,2024-12-07,17,failed,0
LOG01822,CUST0304,tablet,2024-02-02,23,success,45
LOG01823,CUST0776,android,2024-03-15,14,success,17
LOG01824,CUST0635,android,2024-08-14,10,success,21
LOG01825,CUST0978,ios,2024-04-20,2,success,10
LOG01826,CUST0495,android,2024-05-20,3,success,42
LOG01827,CUST0122,web,2024-07-28,4,success,14
LOG01828,CUST0545,ios,2024-02-13,15,success,4
LOG01829,CUST0036,ios,2024-08-05,21,success,32
LOG01830,CUST0889,android,2024-12-22,18,success,8
LOG01831,CUST0743,web,2024-02-07,1,success,21
LOG01832,CUST0376,ios,2024-10-02,20,success,23
LOG01833,CUST0629,ios,2024-11-01,11,success,42
LOG01834,CUST0887,android,2024-09-07,18,success,43
LOG01835,CUST0159,tablet,2024-04-26,23,success,14
LOG01836,CUST0056,tablet,2024-09-28,7,success,5
LOG01837,CUST0861,tablet,2024-05-05,23,success,26
LOG01838,CUST0104,ios,2024-11-12,20,success,40
LOG01839,CUST0900,android,2024-12-06,6,success,8
LOG01840,CUST0702,tablet,2024-01-27,6,success,40
LOG01841,CUST0616,ios,2024-11-25,21,success,16
LOG01842,CUST0915,android,2024-02-10,0,success,7
LOG01843,CUST0359,ios,2024-01-17,0,success,4
LOG01844,CUST0165,tablet,2024-07-03,14,success,35
LOG01845,CUST0966,android,2024-03-27,22,failed,0
LOG01846,CUST0604,ios,2024-04-05,7,success,24
LOG01847,CUST0263,ios,2024-11-05,23,success,43
LOG01848,CUST0088,tablet,2024-11-16,16,success,25
LOG01849,CUST0182,android,2024-12-09,5,success,24
LOG01850,CUST0668,tablet,2024-06-15,0,success,10
LOG01851,CUST0070,web,2024-02-14,6,success,4
LOG01852,CUST0695,ios,2024-02-10,5,success,2
LOG01853,CUST0387,android,2024-02-28,8,success,3
LOG01854,CUST0766,tablet,2024-05-11,10,failed,0
LOG01855,CUST0191,android,2024-01-22,18,success,5
LOG01856,CUST0710,ios,2024-05-09,11,success,7
LOG01857,CUST0611,web,2024-07-11,7,success,1
LOG01858,CUST0640,ios,2024-04-24,16,success,39
LOG01859,CUST0830,ios,2024-03-21,7,success,16
LOG01860,CUST0729,tablet,2024-08-15,0,success,37
LOG01861,CUST0840,web,2024-04-28,9,locked,0
LOG01862,CUST0363,android,2024-08-02,3,success,21
LOG01863,CUST0513,android,2024-11-06,3,success,23
LOG01864,CUST0138,web,2024-09-19,19,success,1
LOG01865,CUST0897,tablet,2024-02-07,0,success,26
LOG01866,CUST0094,android,2024-05-25,2,success,12
LOG01867,CUST0909,android,2024-11-05,12,success,38
LOG01868,CUST0687,android,2024-07-23,3,success,9
LOG01869,CUST0743,tablet,2024-08-09,13,success,39
LOG01870,CUST0481,tablet,2024-09-01,6,success,13
LOG01871,CUST0108,tablet,2024-04-24,19,failed,0
LOG01872,CUST0713,web,2024-09-08,11,success,20
LOG01873,CUST0591,android,2024-09-11,14,success,32
LOG01874,CUST0086,tablet,2024-08-04,10,success,19
LOG01875,CUST0535,tablet,2024-05-08,4,success,17
LOG01876,CUST0798,tablet,2024-10-13,7,success,35
LOG01877,CUST0963,android,2024-06-18,19,success,1
LOG01878,CUST0601,ios,2024-12-21,20,success,13
LOG01879,CUST0258,ios,2024-01-20,4,success,2
LOG01880,CUST0833,web,2024-09-05,8,success,23
LOG01881,CUST0149,android,2024-08-25,6,success,4
LOG01882,CUST0070,tablet,2024-04-24,6,success,12
LOG01883,CUST0292,tablet,2024-02-11,21,success,36
LOG01884,CUST0972,tablet,2024-08-27,7,success,13
LOG01885,CUST0106,tablet,2024-10-15,5,success,7
LOG01886,CUST0968,web,2024-11-28,17,success,30
LOG01887,CUST0248,web,2024-04-03,18,success,44
LOG01888,CUST0563,web,2024-11-15,22,success,26
LOG01889,CUST0634,tablet,2024-12-15,10,success,39
LOG01890,CUST0486,android,2024-02-11,22,success,19
LOG01891,CUST0947,ios,2024-11-05,21,success,3
LOG01892,CUST0636,web,2024-06-16,14,success,11
LOG01893,CUST0036,android,2024-12-11,22,success,36
LOG01894,CUST0830,android,2024-09-19,13,success,21
LOG01895,CUST0936,ios,2024-09-06,1,success,31
LOG01896,CUST0501,tablet,2024-08-23,2,success,37
LOG01897,CUST0276,web,2024-12-03,2,success,41
LOG01898,CUST0003,android,2024-03-23,15,success,29
LOG01899,CUST0199,tablet,2024-07-06,1,failed,0
LOG01900,CUST0420,ios,2024-08-05,8,failed,0
LOG01901,CUST0286,tablet,2024-01-27,18,success,28
LOG01902,CUST0482,web,2024-06-01,14,success,10
LOG01903,CUST0239,ios,2024-06-05,13,success,44
LOG01904,CUST0827,web,2024-06-23,20,success,22
LOG01905,CUST0955,tablet,2024-07-22,16,success,11
LOG01906,CUST0859,android,2024-01-28,11,success,21
LOG01907,CUST0703,web,2024-06-08,1,success,17
LOG01908,CUST0021,tablet,2024-12-09,6,success,39
LOG01909,CUST0209,tablet,2024-03-22,14,success,31
LOG01910,CUST0670,web,2024-10-23,6,success,40
LOG01911,CUST0670,ios,2024-05-06,6,success,17
LOG01912,CUST0568,ios,2024-04-23,4,success,1
LOG01913,CUST0100,tablet,2024-02-02,12,success,34
LOG01914,CUST0963,android,2024-12-26,3,success,34
LOG01915,CUST0830,ios,2024-09-07,18,success,22
LOG01916,CUST0788,web,2024-04-09,20,success,32
LOG01917,CUST0712,android,2024-03-27,17,success,14
LOG01918,CUST0777,web,2024-01-28,11,success,34
LOG01919,CUST0476,android,2024-05-28,19,success,6
LOG01920,CUST0582,ios,2024-02-18,20,success,9
LOG01921,CUST0239,ios,2024-06-04,18,success,4
LOG01922,CUST0631,tablet,2024-03-07,7,success,2
LOG01923,CUST0692,web,2024-12-24,18,success,43
LOG01924,CUST0251,ios,2024-04-07,6,success,34
LOG01925,CUST0499,ios,2024-11-22,7,success,34
LOG01926,CUST0061,web,2024-09-06,19,success,38
LOG01927,CUST0957,web,2024-10-24,16,success,34
LOG01928,CUST0550,android,2024-06-20,10,success,22
LOG01929,CUST0421,tablet,2024-05-13,9,success,12
LOG01930,CUST0474,ios,2024-01-02,13,success,19
LOG01931,CUST0475,android,2024-05-26,16,success,19
LOG01932,CUST0855,ios,2024-09-21,1,failed,0
LOG01933,CUST0950,android,2024-10-05,19,success,41
LOG01934,CUST0277,tablet,2024-07-07,6,success,30
LOG01935,CUST0501,ios,2024-09-01,8,success,3
LOG01936,CUST0117,ios,2024-01-07,14,success,1
LOG01937,CUST0939,web,2024-10-04,18,success,32
LOG01938,CUST0610,tablet,2024-01-26,10,success,44
LOG01939,CUST0459,ios,2024-02-01,16,success,12
LOG01940,CUST0500,android,2024-04-14,5,success,12
LOG01941,CUST0929,web,2024-06-16,16,success,37
LOG01942,CUST0010,ios,2024-03-05,4,success,15
LOG01943,CUST0845,tablet,2024-10-21,23,success,26
LOG01944,CUST0444,android,2024-08-01,19,success,6
LOG01945,CUST0708,web,2024-08-06,8,success,27
LOG01946,CUST0571,web,2024-12-17,21,success,23
LOG01947,CUST0715,ios,2024-12-13,18,failed,0
LOG01948,CUST0677,android,2024-11-02,11,success,20
LOG01949,CUST0010,web,2024-04-10,15,success,37
LOG01950,CUST0188,ios,2024-01-22,17,success,4
LOG01951,CUST0483,ios,2024-05-12,12,success,15
LOG01952,CUST0604,android,2024-08-22,5,success,20
LOG01953,CUST0874,web,2024-04-24,7,success,9
LOG01954,CUST0325,android,2024-08-28,17,success,42
LOG01955,CUST0732,ios,2024-08-04,10,success,9
LOG01956,CUST0464,ios,2024-08-28,22,success,9
LOG01957,CUST0933,tablet,2024-04-25,16,failed,0
LOG01958,CUST0115,tablet,2024-02-13,17,success,36
LOG01959,CUST0855,ios,2024-06-17,3,success,33
LOG01960,CUST0098,android,2024-06-05,9,success,21
LOG01961,CUST0013,ios,2024-06-15,20,success,24
LOG01962,CUST0319,ios,2024-02-25,3,failed,0
LOG01963,CUST0896,ios,2024-11-25,20,success,40
LOG01964,CUST0812,tablet,2024-02-10,8,success,4
LOG01965,CUST0337,tablet,2024-10-19,15,success,20
LOG01966,CUST0226,android,2024-06-06,5,success,40
LOG01967,CUST0087,android,2024-01-22,14,success,23
LOG01968,CUST0350,android,2024-07-12,7,success,42
LOG01969,CUST0969,android,2024-01-14,17,success,23
LOG01970,CUST0668,ios,2024-04-06,1,success,2
LOG01971,CUST0658,web,2024-03-05,8,success,1
LOG01972,CUST0268,ios,2024-09-10,16,locked,0
LOG01973,CUST0050,android,2024-04-13,15,success,22
LOG01974,CUST0021,ios,2024-03-24,1,success,34
LOG01975,CUST0325,tablet,2024-06-05,2,success,15
LOG01976,CUST0164,tablet,2024-10-10,8,success,20
LOG01977,CUST0225,android,2024-01-05,18,success,9
LOG01978,CUST0028,tablet,2024-07-21,10,success,14
LOG01979,CUST0646,web,2024-08-04,20,success,31
LOG01980,CUST0912,tablet,2024-03-01,16,success,12
LOG01981,CUST0469,tablet,2024-10-07,8,success,12
LOG01982,CUST0584,web,2024-09-01,15,success,26
LOG01983,CUST0515,android,2024-02-15,11,success,30
LOG01984,CUST0490,web,2024-05-15,11,success,42
LOG01985,CUST0078,tablet,2024-11-26,22,success,33
LOG01986,CUST0126,web,2024-08-07,13,success,1
LOG01987,CUST0686,tablet,2024-09-01,3,success,2
LOG01988,CUST0216,android,2024-09-21,3,success,30
LOG01989,CUST0747,android,2024-11-10,14,success,40
LOG01990,CUST0341,web,2024-05-02,17,success,33
LOG01991,CUST0344,android,2024-04-26,15,success,37
LOG01992,CUST0210,android,2024-05-28,2,success,2
LOG01993,CUST0533,web,2024-09-05,18,success,2
LOG01994,CUST0731,web,2024-07-06,1,success,36
LOG01995,CUST0512,ios,2024-09-10,7,success,7
LOG01996,CUST0376,tablet,2024-04-26,9,success,39
LOG01997,CUST0903,tablet,2024-07-28,16,success,23
LOG01998,CUST0132,ios,2024-09-04,10,success,31
LOG01999,CUST0315,ios,2024-12-06,20,success,23
LOG02000,CUST0982,web,2024-08-12,10,success,34
